Unnamed: 0,Top-Left,Bottom-Right,Id,Bottom,Top,Left,Right,Bottom_Box,Right_Box,Top_Box,Left_Box
0,"[174, 301]","[278, 342]",0,"[226.0, 342]","[226.0, 301]","[174, 321.5]","[278, 321.5]","[-1, 0]","[1, 1]","[-1, 0]","[-1, 0]"
1,"[305, 294]","[408, 349]",1,"[356.5, 349]","[356.5, 294]","[305, 321.5]","[408, 321.5]","[-1, 0]","[2, 2]","[-1, 0]","[0, 0]"
2,"[433, 291]","[566, 342]",2,"[499.5, 342]","[499.5, 291]","[433, 316.5]","[566, 316.5]","[16, 16]","[3, 3]","[-1, 0]","[1, 1]"
3,"[590, 297]","[670, 349]",3,"[630.0, 349]","[630.0, 297]","[590, 323.0]","[670, 323.0]","[17, 17]","[4, 4]","[-1, 0]","[2, 2]"
4,"[691, 291]","[846, 342]",4,"[768.5, 342]","[768.5, 291]","[691, 316.5]","[846, 316.5]","[18, 18]","[5, 5]","[-1, 0]","[3, 3]"
5,"[873, 294]","[1119, 345]",5,"[996.0, 345]","[996.0, 294]","[873, 319.5]","[1119, 319.5]","[-1, 0]","[6, 6]","[-1, 0]","[4, 4]"
6,"[1148, 304]","[1204, 345]",6,"[1176.0, 345]","[1176.0, 304]","[1148, 324.5]","[1204, 324.5]","[21, 21]","[-1, 0]","[-1, 0]","[5, 5]"
7,"[1274, 291]","[1561, 342]",7,"[1417.5, 342]","[1417.5, 291]","[1274, 316.5]","[1561, 316.5]","[-1, 0]","[8, 8]","[-1, 0]","[-1, 0]"
8,"[1569, 297]","[1653, 349]",8,"[1611.0, 349]","[1611.0, 297]","[1569, 323.0]","[1653, 323.0]","[-1, 0]","[9, 9]","[-1, 0]","[7, 7]"
9,"[1663, 294]","[1757, 349]",9,"[1710.0, 349]","[1710.0, 294]","[1663, 321.5]","[1757, 321.5]","[25, 25]","[10, 10]","[-1, 0]","[8, 8]"
10,"[1767, 294]","[1854, 349]",10,"[1810.5, 349]","[1810.5, 294]","[1767, 321.5]","[1854, 321.5]","[26, 26]","[11, 11]","[-1, 0]","[9, 9]"
11,"[1864, 297]","[1975, 349]",11,"[1919.5, 349]","[1919.5, 297]","[1864, 323.0]","[1975, 323.0]","[27, 27]","[12, 12]","[-1, 0]","[10, 10]"
12,"[1980, 287]","[2180, 352]",12,"[2080.0, 352]","[2080.0, 287]","[1980, 319.5]","[2180, 319.5]","[-1, 0]","[13, 13]","[-1, 0]","[11, 11]"
13,"[2192, 297]","[2308, 349]",13,"[2250.0, 349]","[2250.0, 297]","[2192, 323.0]","[2308, 323.0]","[30, 30]","[-1, 0]","[-1, 0]","[12, 12]"
14,"[169, 362]","[353, 403]",14,"[261.0, 403]","[261.0, 362]","[169, 382.5]","[353, 382.5]","[-1, 0]","[15, 15]","[-1, 0]","[-1, 0]"
15,"[367, 349]","[454, 414]",15,"[410.5, 414]","[410.5, 349]","[367, 381.5]","[454, 381.5]","[48, 48]","[16, 16]","[-1, 0]","[14, 14]"
16,"[464, 355]","[585, 420]",16,"[524.5, 420]","[524.5, 355]","[464, 387.5]","[585, 387.5]","[-1, 0]","[17, 17]","[2, 2]","[15, 15]"
17,"[592, 352]","[686, 417]",17,"[639.0, 417]","[639.0, 352]","[592, 384.5]","[686, 384.5]","[51, 51]","[18, 18]","[3, 3]","[16, 16]"
18,"[694, 352]","[846, 417]",18,"[770.0, 417]","[770.0, 352]","[694, 384.5]","[846, 384.5]","[-1, 0]","[19, 19]","[4, 4]","[17, 17]"
19,"[858, 352]","[967, 403]",19,"[912.5, 403]","[912.5, 352]","[858, 377.5]","[967, 377.5]","[-1, 0]","[20, 20]","[-1, 0]","[18, 18]"
20,"[979, 362]","[1088, 417]",20,"[1033.5, 417]","[1033.5, 362]","[979, 389.5]","[1088, 389.5]","[-1, 0]","[21, 21]","[-1, 0]","[19, 19]"
21,"[1102, 352]","[1206, 407]",21,"[1154.0, 407]","[1154.0, 352]","[1102, 379.5]","[1206, 379.5]","[-1, 0]","[-1, 0]","[6, 6]","[20, 20]"
22,"[1269, 352]","[1385, 417]",22,"[1327.0, 417]","[1327.0, 352]","[1269, 384.5]","[1385, 384.5]","[54, 54]","[23, 23]","[-1, 0]","[-1, 0]"
23,"[1397, 355]","[1513, 420]",23,"[1455.0, 420]","[1455.0, 355]","[1397, 387.5]","[1513, 387.5]","[55, 55]","[24, 24]","[-1, 0]","[22, 22]"
24,"[1525, 355]","[1607, 410]",24,"[1566.0, 410]","[1566.0, 355]","[1525, 382.5]","[1607, 382.5]","[56, 56]","[25, 25]","[-1, 0]","[23, 23]"
25,"[1624, 359]","[1755, 410]",25,"[1689.5, 410]","[1689.5, 359]","[1624, 384.5]","[1755, 384.5]","[57, 57]","[26, 26]","[9, 9]","[24, 24]"
26,"[1769, 355]","[1871, 410]",26,"[1820.0, 410]","[1820.0, 355]","[1769, 382.5]","[1871, 382.5]","[58, 58]","[27, 27]","[10, 10]","[25, 25]"
27,"[1885, 355]","[1967, 417]",27,"[1926.0, 417]","[1926.0, 355]","[1885, 386.0]","[1967, 386.0]","[59, 59]","[28, 28]","[11, 11]","[26, 26]"
28,"[1982, 366]","[2093, 407]",28,"[2037.5, 407]","[2037.5, 366]","[1982, 386.5]","[2093, 386.5]","[-1, 0]","[-1, 0]","[-1, 0]","[27, 27]"
29,"[2129, 352]","[2187, 410]",29,"[2158.0, 410]","[2158.0, 352]","[2129, 381.0]","[2187, 381.0]","[60, 60]","[30, 30]","[-1, 0]","[-1, 0]"
30,"[2204, 352]","[2306, 407]",30,"[2255.0, 407]","[2255.0, 352]","[2204, 379.5]","[2306, 379.5]","[-1, 0]","[-1, 0]","[13, 13]","[29, 29]"
31,"[230, 547]","[399, 598]",31,"[314.5, 598]","[314.5, 547]","[230, 572.5]","[399, 572.5]","[-1, 0]","[32, 32]","[52, 52]","[-1, 0]"
32,"[406, 543]","[566, 608]",32,"[486.0, 608]","[486.0, 543]","[406, 575.5]","[566, 575.5]","[-1, 0]","[33, 33]","[53, 53]","[31, 31]"
33,"[568, 543]","[670, 612]",33,"[619.0, 612]","[619.0, 543]","[568, 577.5]","[670, 577.5]","[70, 70]","[34, 34]","[-1, 0]","[32, 32]"
34,"[672, 543]","[764, 612]",34,"[718.0, 612]","[718.0, 543]","[672, 577.5]","[764, 577.5]","[71, 71]","[35, 35]","[-1, 0]","[33, 33]"
35,"[766, 543]","[853, 612]",35,"[809.5, 612]","[809.5, 543]","[766, 577.5]","[853, 577.5]","[72, 72]","[36, 36]","[-1, 0]","[34, 34]"
36,"[853, 547]","[1005, 608]",36,"[929.0, 608]","[929.0, 547]","[853, 577.5]","[1005, 577.5]","[73, 73]","[37, 37]","[-1, 0]","[35, 35]"
37,"[1010, 550]","[1092, 612]",37,"[1051.0, 612]","[1051.0, 550]","[1010, 581.0]","[1092, 581.0]","[74, 74]","[38, 38]","[-1, 0]","[36, 36]"
38,"[1095, 537]","[1208, 615]",38,"[1151.5, 615]","[1151.5, 537]","[1095, 576.0]","[1208, 576.0]","[75, 75]","[-1, 0]","[-1, 0]","[37, 37]"
39,"[1271, 547]","[1404, 612]",39,"[1337.5, 612]","[1337.5, 547]","[1271, 579.5]","[1404, 579.5]","[-1, 0]","[40, 40]","[61, 61]","[-1, 0]"
40,"[1428, 543]","[1557, 608]",40,"[1492.5, 608]","[1492.5, 543]","[1428, 575.5]","[1557, 575.5]","[77, 77]","[41, 41]","[62, 62]","[39, 39]"
41,"[1583, 543]","[1697, 608]",41,"[1640.0, 608]","[1640.0, 543]","[1583, 575.5]","[1697, 575.5]","[-1, 0]","[42, 42]","[-1, 0]","[40, 40]"
42,"[1728, 550]","[1873, 602]",42,"[1800.5, 602]","[1800.5, 550]","[1728, 576.0]","[1873, 576.0]","[-1, 0]","[43, 43]","[-1, 0]","[41, 41]"
43,"[1902, 550]","[2021, 602]",43,"[1961.5, 602]","[1961.5, 550]","[1902, 576.0]","[2021, 576.0]","[-1, 0]","[44, 44]","[-1, 0]","[42, 42]"
44,"[2045, 554]","[2185, 605]",44,"[2115.0, 605]","[2115.0, 554]","[2045, 579.5]","[2185, 579.5]","[-1, 0]","[45, 45]","[-1, 0]","[43, 43]"
45,"[2212, 557]","[2311, 612]",45,"[2261.5, 612]","[2261.5, 557]","[2212, 584.5]","[2311, 584.5]","[-1, 0]","[-1, 0]","[-1, 0]","[44, 44]"
46,"[162, 414]","[251, 479]",46,"[206.5, 479]","[206.5, 414]","[162, 446.5]","[251, 446.5]","[-1, 0]","[47, 47]","[-1, 0]","[-1, 0]"
47,"[259, 417]","[341, 479]",47,"[300.0, 479]","[300.0, 417]","[259, 448.0]","[341, 448.0]","[52, 52]","[48, 48]","[-1, 0]","[46, 46]"
48,"[346, 414]","[440, 479]",48,"[393.0, 479]","[393.0, 414]","[346, 446.5]","[440, 446.5]","[-1, 0]","[49, 49]","[15, 15]","[47, 47]"
49,"[447, 417]","[520, 475]",49,"[483.5, 475]","[483.5, 417]","[447, 446.0]","[520, 446.0]","[53, 53]","[50, 50]","[-1, 0]","[48, 48]"
50,"[532, 417]","[616, 472]",50,"[574.0, 472]","[574.0, 417]","[532, 444.5]","[616, 444.5]","[-1, 0]","[51, 51]","[-1, 0]","[49, 49]"
51,"[621, 417]","[677, 479]",51,"[649.0, 479]","[649.0, 417]","[621, 448.0]","[677, 448.0]","[-1, 0]","[-1, 0]","[17, 17]","[50, 50]"
52,"[230, 485]","[418, 537]",52,"[324.0, 537]","[324.0, 485]","[230, 511.0]","[418, 511.0]","[31, 31]","[53, 53]","[47, 47]","[-1, 0]"
53,"[433, 482]","[575, 543]",53,"[504.0, 543]","[504.0, 482]","[433, 512.5]","[575, 512.5]","[32, 32]","[-1, 0]","[49, 49]","[52, 52]"
54,"[1271, 417]","[1378, 472]",54,"[1324.5, 472]","[1324.5, 417]","[1271, 444.5]","[1378, 444.5]","[61, 61]","[55, 55]","[22, 22]","[-1, 0]"
55,"[1392, 420]","[1506, 485]",55,"[1449.0, 485]","[1449.0, 420]","[1392, 452.5]","[1506, 452.5]","[62, 62]","[56, 56]","[23, 23]","[54, 54]"
56,"[1518, 414]","[1607, 479]",56,"[1562.5, 479]","[1562.5, 414]","[1518, 446.5]","[1607, 446.5]","[63, 63]","[57, 57]","[24, 24]","[55, 55]"
57,"[1617, 414]","[1709, 479]",57,"[1663.0, 479]","[1663.0, 414]","[1617, 446.5]","[1709, 446.5]","[-1, 0]","[58, 58]","[25, 25]","[56, 56]"
58,"[1735, 417]","[1847, 472]",58,"[1791.0, 472]","[1791.0, 417]","[1735, 444.5]","[1847, 444.5]","[-1, 0]","[59, 59]","[26, 26]","[57, 57]"
59,"[1861, 414]","[1982, 479]",59,"[1921.5, 479]","[1921.5, 414]","[1861, 446.5]","[1982, 446.5]","[-1, 0]","[60, 60]","[27, 27]","[58, 58]"
60,"[1994, 417]","[2306, 468]",60,"[2150.0, 468]","[2150.0, 417]","[1994, 442.5]","[2306, 442.5]","[-1, 0]","[-1, 0]","[29, 29]","[59, 59]"
61,"[1269, 472]","[1438, 547]",61,"[1353.5, 547]","[1353.5, 472]","[1269, 509.5]","[1438, 509.5]","[39, 39]","[62, 62]","[54, 54]","[-1, 0]"
62,"[1448, 496]","[1479, 530]",62,"[1463.5, 530]","[1463.5, 496]","[1448, 513.0]","[1479, 513.0]","[40, 40]","[63, 63]","[55, 55]","[61, 61]"
63,"[1494, 475]","[1665, 550]",63,"[1579.5, 550]","[1579.5, 475]","[1494, 512.5]","[1665, 512.5]","[-1, 0]","[64, 64]","[56, 56]","[62, 62]"
64,"[1675, 485]","[1755, 537]",64,"[1715.0, 537]","[1715.0, 485]","[1675, 511.0]","[1755, 511.0]","[-1, 0]","[65, 65]","[-1, 0]","[63, 63]"
65,"[1764, 479]","[1914, 543]",65,"[1839.0, 543]","[1839.0, 479]","[1764, 511.0]","[1914, 511.0]","[-1, 0]","[66, 66]","[-1, 0]","[64, 64]"
66,"[1924, 482]","[2064, 533]",66,"[1994.0, 533]","[1994.0, 482]","[1924, 507.5]","[2064, 507.5]","[-1, 0]","[67, 67]","[-1, 0]","[65, 65]"
67,"[2081, 482]","[2306, 533]",67,"[2193.5, 533]","[2193.5, 482]","[2081, 507.5]","[2306, 507.5]","[-1, 0]","[-1, 0]","[-1, 0]","[66, 66]"
68,"[167, 608]","[314, 670]",68,"[240.5, 670]","[240.5, 608]","[167, 639.0]","[314, 639.0]","[78, 78]","[69, 69]","[-1, 0]","[-1, 0]"
69,"[329, 608]","[510, 670]",69,"[419.5, 670]","[419.5, 608]","[329, 639.0]","[510, 639.0]","[80, 80]","[70, 70]","[-1, 0]","[68, 68]"
70,"[520, 602]","[657, 680]",70,"[588.5, 680]","[588.5, 602]","[520, 641.0]","[657, 641.0]","[-1, 0]","[71, 71]","[33, 33]","[69, 69]"
71,"[667, 605]","[757, 673]",71,"[712.0, 673]","[712.0, 605]","[667, 639.0]","[757, 639.0]","[82, 82]","[72, 72]","[34, 34]","[70, 70]"
72,"[766, 605]","[851, 677]",72,"[808.5, 677]","[808.5, 605]","[766, 641.0]","[851, 641.0]","[83, 83]","[73, 73]","[35, 35]","[71, 71]"
73,"[860, 608]","[979, 677]",73,"[919.5, 677]","[919.5, 608]","[860, 642.5]","[979, 642.5]","[-1, 0]","[74, 74]","[36, 36]","[72, 72]"
74,"[989, 605]","[1056, 677]",74,"[1022.5, 677]","[1022.5, 605]","[989, 641.0]","[1056, 641.0]","[-1, 0]","[75, 75]","[37, 37]","[73, 73]"
75,"[1063, 605]","[1192, 680]",75,"[1127.5, 680]","[1127.5, 605]","[1063, 642.5]","[1192, 642.5]","[-1, 0]","[-1, 0]","[38, 38]","[74, 74]"
76,"[1271, 602]","[1482, 677]",76,"[1376.5, 677]","[1376.5, 602]","[1271, 639.5]","[1482, 639.5]","[95, 95]","[77, 77]","[-1, 0]","[-1, 0]"
77,"[1484, 608]","[1557, 667]",77,"[1520.5, 667]","[1520.5, 608]","[1484, 637.5]","[1557, 637.5]","[96, 96]","[-1, 0]","[40, 40]","[76, 76]"
78,"[162, 670]","[273, 749]",78,"[217.5, 749]","[217.5, 670]","[162, 709.5]","[273, 709.5]","[87, 87]","[79, 79]","[68, 68]","[-1, 0]"
79,"[278, 677]","[360, 738]",79,"[319.0, 738]","[319.0, 677]","[278, 707.5]","[360, 707.5]","[88, 88]","[80, 80]","[-1, 0]","[78, 78]"
80,"[367, 673]","[486, 742]",80,"[426.5, 742]","[426.5, 673]","[367, 707.5]","[486, 707.5]","[-1, 0]","[81, 81]","[69, 69]","[79, 79]"
81,"[491, 673]","[609, 738]",81,"[550.0, 738]","[550.0, 673]","[491, 705.5]","[609, 705.5]","[-1, 0]","[82, 82]","[-1, 0]","[80, 80]"
82,"[616, 670]","[757, 745]",82,"[686.5, 745]","[686.5, 670]","[616, 707.5]","[757, 707.5]","[-1, 0]","[83, 83]","[71, 71]","[81, 81]"
83,"[761, 673]","[902, 735]",83,"[831.5, 735]","[831.5, 673]","[761, 704.0]","[902, 704.0]","[91, 91]","[84, 84]","[72, 72]","[82, 82]"
84,"[906, 673]","[1022, 738]",84,"[964.0, 738]","[964.0, 673]","[906, 705.5]","[1022, 705.5]","[92, 92]","[85, 85]","[-1, 0]","[83, 83]"
85,"[1049, 670]","[1114, 745]",85,"[1081.5, 745]","[1081.5, 670]","[1049, 707.5]","[1114, 707.5]","[93, 93]","[86, 86]","[-1, 0]","[84, 84]"
86,"[1117, 667]","[1211, 749]",86,"[1164.0, 749]","[1164.0, 667]","[1117, 708.0]","[1211, 708.0]","[94, 94]","[-1, 0]","[-1, 0]","[85, 85]"
87,"[164, 735]","[244, 803]",87,"[204.0, 803]","[204.0, 735]","[164, 769.0]","[244, 769.0]","[125, 125]","[88, 88]","[78, 78]","[-1, 0]"
88,"[251, 742]","[442, 793]",88,"[346.5, 793]","[346.5, 742]","[251, 767.5]","[442, 767.5]","[-1, 0]","[89, 89]","[79, 79]","[87, 87]"
89,"[447, 749]","[488, 793]",89,"[467.5, 793]","[467.5, 749]","[447, 771.0]","[488, 771.0]","[128, 128]","[90, 90]","[-1, 0]","[88, 88]"
90,"[493, 738]","[711, 803]",90,"[602.0, 803]","[602.0, 738]","[493, 770.5]","[711, 770.5]","[129, 129]","[91, 91]","[-1, 0]","[89, 89]"
91,"[718, 742]","[933, 807]",91,"[825.5, 807]","[825.5, 742]","[718, 774.5]","[933, 774.5]","[-1, 0]","[92, 92]","[83, 83]","[90, 90]"
92,"[938, 738]","[1039, 803]",92,"[988.5, 803]","[988.5, 738]","[938, 770.5]","[1039, 770.5]","[-1, 0]","[93, 93]","[84, 84]","[91, 91]"
93,"[1039, 735]","[1119, 803]",93,"[1079.0, 803]","[1079.0, 735]","[1039, 769.0]","[1119, 769.0]","[-1, 0]","[94, 94]","[85, 85]","[92, 92]"
94,"[1121, 735]","[1208, 807]",94,"[1164.5, 807]","[1164.5, 735]","[1121, 771.0]","[1208, 771.0]","[-1, 0]","[-1, 0]","[86, 86]","[93, 93]"
95,"[1327, 673]","[1467, 738]",95,"[1397.0, 738]","[1397.0, 673]","[1327, 705.5]","[1467, 705.5]","[101, 101]","[96, 96]","[76, 76]","[-1, 0]"
96,"[1479, 673]","[1576, 742]",96,"[1527.5, 742]","[1527.5, 673]","[1479, 707.5]","[1576, 707.5]","[-1, 0]","[97, 97]","[77, 77]","[95, 95]"
97,"[1586, 670]","[1668, 749]",97,"[1627.0, 749]","[1627.0, 670]","[1586, 709.5]","[1668, 709.5]","[-1, 0]","[98, 98]","[-1, 0]","[96, 96]"
98,"[1677, 687]","[1711, 735]",98,"[1694.0, 735]","[1694.0, 687]","[1677, 711.0]","[1711, 711.0]","[103, 103]","[99, 99]","[-1, 0]","[97, 97]"
99,"[1723, 673]","[1868, 738]",99,"[1795.5, 738]","[1795.5, 673]","[1723, 705.5]","[1868, 705.5]","[104, 104]","[100, 100]","[-1, 0]","[98, 98]"
100,"[1880, 673]","[1984, 742]",100,"[1932.0, 742]","[1932.0, 673]","[1880, 707.5]","[1984, 707.5]","[105, 105]","[-1, 0]","[-1, 0]","[99, 99]"
101,"[1329, 738]","[1511, 800]",101,"[1420.0, 800]","[1420.0, 738]","[1329, 769.0]","[1511, 769.0]","[-1, 0]","[102, 102]","[95, 95]","[-1, 0]"
102,"[1513, 738]","[1639, 796]",102,"[1576.0, 796]","[1576.0, 738]","[1513, 767.0]","[1639, 767.0]","[-1, 0]","[103, 103]","[-1, 0]","[101, 101]"
103,"[1639, 735]","[1772, 796]",103,"[1705.5, 796]","[1705.5, 735]","[1639, 765.5]","[1772, 765.5]","[-1, 0]","[104, 104]","[98, 98]","[102, 102]"
104,"[1772, 738]","[1880, 803]",104,"[1826.0, 803]","[1826.0, 738]","[1772, 770.5]","[1880, 770.5]","[-1, 0]","[105, 105]","[99, 99]","[103, 103]"
105,"[1873, 728]","[2018, 817]",105,"[1945.5, 817]","[1945.5, 728]","[1873, 772.5]","[2018, 772.5]","[-1, 0]","[106, 106]","[100, 100]","[104, 104]"
106,"[2016, 742]","[2103, 807]",106,"[2059.5, 807]","[2059.5, 742]","[2016, 774.5]","[2103, 774.5]","[139, 139]","[107, 107]","[-1, 0]","[105, 105]"
107,"[2105, 735]","[2311, 800]",107,"[2208.0, 800]","[2208.0, 735]","[2105, 767.5]","[2311, 767.5]","[140, 140]","[-1, 0]","[-1, 0]","[106, 106]"
108,"[1271, 868]","[1332, 926]",108,"[1301.5, 926]","[1301.5, 868]","[1271, 897.0]","[1332, 897.0]","[116, 116]","[109, 109]","[-1, 0]","[-1, 0]"
109,"[1341, 865]","[1477, 930]",109,"[1409.0, 930]","[1409.0, 865]","[1341, 897.5]","[1477, 897.5]","[-1, 0]","[110, 110]","[-1, 0]","[108, 108]"
110,"[1486, 865]","[1600, 930]",110,"[1543.0, 930]","[1543.0, 865]","[1486, 897.5]","[1600, 897.5]","[118, 118]","[111, 111]","[-1, 0]","[109, 109]"
111,"[1612, 872]","[1851, 923]",111,"[1731.5, 923]","[1731.5, 872]","[1612, 897.5]","[1851, 897.5]","[-1, 0]","[-1, 0]","[-1, 0]","[110, 110]"
112,"[1885, 865]","[2001, 933]",112,"[1943.0, 933]","[1943.0, 865]","[1885, 899.0]","[2001, 899.0]","[122, 122]","[113, 113]","[137, 137]","[-1, 0]"
113,"[2013, 868]","[2117, 923]",113,"[2065.0, 923]","[2065.0, 868]","[2013, 895.5]","[2117, 895.5]","[123, 123]","[114, 114]","[139, 139]","[112, 112]"
114,"[2132, 872]","[2238, 926]",114,"[2185.0, 926]","[2185.0, 872]","[2132, 899.0]","[2238, 899.0]","[-1, 0]","[115, 115]","[-1, 0]","[113, 113]"
115,"[2250, 868]","[2311, 926]",115,"[2280.5, 926]","[2280.5, 868]","[2250, 897.0]","[2311, 897.0]","[-1, 0]","[-1, 0]","[-1, 0]","[114, 114]"
116,"[1271, 937]","[1370, 991]",116,"[1320.5, 991]","[1320.5, 937]","[1271, 964.0]","[1370, 964.0]","[149, 149]","[117, 117]","[108, 108]","[-1, 0]"
117,"[1378, 940]","[1503, 998]",117,"[1440.5, 998]","[1440.5, 940]","[1378, 969.0]","[1503, 969.0]","[150, 150]","[118, 118]","[-1, 0]","[116, 116]"
118,"[1506, 930]","[1639, 991]",118,"[1572.5, 991]","[1572.5, 930]","[1506, 960.5]","[1639, 960.5]","[151, 151]","[119, 119]","[110, 110]","[117, 117]"
119,"[1644, 940]","[1760, 995]",119,"[1702.0, 995]","[1702.0, 940]","[1644, 967.5]","[1760, 967.5]","[-1, 0]","[120, 120]","[-1, 0]","[118, 118]"
120,"[1769, 947]","[1796, 984]",120,"[1782.5, 984]","[1782.5, 947]","[1769, 965.5]","[1796, 965.5]","[-1, 0]","[121, 121]","[-1, 0]","[119, 119]"
121,"[1805, 937]","[1902, 991]",121,"[1853.5, 991]","[1853.5, 937]","[1805, 964.0]","[1902, 964.0]","[152, 152]","[122, 122]","[-1, 0]","[120, 120]"
122,"[1905, 933]","[1996, 998]",122,"[1950.5, 998]","[1950.5, 933]","[1905, 965.5]","[1996, 965.5]","[-1, 0]","[123, 123]","[112, 112]","[121, 121]"
123,"[2004, 937]","[2141, 998]",123,"[2072.5, 998]","[2072.5, 937]","[2004, 967.5]","[2141, 967.5]","[-1, 0]","[124, 124]","[113, 113]","[122, 122]"
124,"[2149, 940]","[2308, 991]",124,"[2228.5, 991]","[2228.5, 940]","[2149, 965.5]","[2308, 965.5]","[-1, 0]","[-1, 0]","[-1, 0]","[123, 123]"
125,"[167, 810]","[256, 865]",125,"[211.5, 865]","[211.5, 810]","[167, 837.5]","[256, 837.5]","[184, 184]","[126, 126]","[87, 87]","[-1, 0]"
126,"[283, 817]","[341, 858]",126,"[312.0, 858]","[312.0, 817]","[283, 837.5]","[341, 837.5]","[-1, 0]","[127, 127]","[-1, 0]","[125, 125]"
127,"[348, 810]","[430, 865]",127,"[389.0, 865]","[389.0, 810]","[348, 837.5]","[430, 837.5]","[185, 185]","[128, 128]","[-1, 0]","[126, 126]"
128,"[440, 803]","[544, 854]",128,"[492.0, 854]","[492.0, 803]","[440, 828.5]","[544, 828.5]","[-1, 0]","[129, 129]","[89, 89]","[127, 127]"
129,"[553, 813]","[667, 854]",129,"[610.0, 854]","[610.0, 813]","[553, 833.5]","[667, 833.5]","[-1, 0]","[130, 130]","[90, 90]","[128, 128]"
130,"[679, 803]","[783, 858]",130,"[731.0, 858]","[731.0, 803]","[679, 830.5]","[783, 830.5]","[-1, 0]","[131, 131]","[-1, 0]","[129, 129]"
131,"[795, 803]","[1039, 854]",131,"[917.0, 854]","[917.0, 803]","[795, 828.5]","[1039, 828.5]","[-1, 0]","[132, 132]","[-1, 0]","[130, 130]"
132,"[1049, 800]","[1206, 861]",132,"[1127.5, 861]","[1127.5, 800]","[1049, 830.5]","[1206, 830.5]","[-1, 0]","[-1, 0]","[-1, 0]","[131, 131]"
133,"[1269, 803]","[1443, 865]",133,"[1356.0, 865]","[1356.0, 803]","[1269, 834.0]","[1443, 834.0]","[-1, 0]","[134, 134]","[-1, 0]","[-1, 0]"
134,"[1457, 810]","[1564, 861]",134,"[1510.5, 861]","[1510.5, 810]","[1457, 835.5]","[1564, 835.5]","[-1, 0]","[135, 135]","[-1, 0]","[133, 133]"
135,"[1578, 810]","[1689, 861]",135,"[1633.5, 861]","[1633.5, 810]","[1578, 835.5]","[1689, 835.5]","[-1, 0]","[-1, 0]","[-1, 0]","[134, 134]"
136,"[1723, 813]","[1859, 854]",136,"[1791.0, 854]","[1791.0, 813]","[1723, 833.5]","[1859, 833.5]","[-1, 0]","[137, 137]","[-1, 0]","[-1, 0]"
137,"[1873, 796]","[1948, 865]",137,"[1910.5, 865]","[1910.5, 796]","[1873, 830.5]","[1948, 830.5]","[112, 112]","[138, 138]","[-1, 0]","[136, 136]"
138,"[1958, 800]","[1994, 858]",138,"[1976.0, 858]","[1976.0, 800]","[1958, 829.0]","[1994, 829.0]","[-1, 0]","[139, 139]","[-1, 0]","[137, 137]"
139,"[2004, 803]","[2144, 868]",139,"[2074.0, 868]","[2074.0, 803]","[2004, 835.5]","[2144, 835.5]","[113, 113]","[140, 140]","[106, 106]","[138, 138]"
140,"[2161, 803]","[2303, 854]",140,"[2232.0, 854]","[2232.0, 803]","[2161, 828.5]","[2303, 828.5]","[-1, 0]","[-1, 0]","[107, 107]","[139, 139]"
141,"[227, 998]","[338, 1053]",141,"[282.5, 1053]","[282.5, 998]","[227, 1025.5]","[338, 1025.5]","[155, 155]","[142, 142]","[187, 187]","[-1, 0]"
142,"[358, 998]","[529, 1063]",142,"[443.5, 1063]","[443.5, 998]","[358, 1030.5]","[529, 1030.5]","[-1, 0]","[143, 143]","[188, 188]","[141, 141]"
143,"[553, 1012]","[655, 1053]",143,"[604.0, 1053]","[604.0, 1012]","[553, 1032.5]","[655, 1032.5]","[-1, 0]","[144, 144]","[-1, 0]","[142, 142]"
144,"[674, 995]","[776, 1060]",144,"[725.0, 1060]","[725.0, 995]","[674, 1027.5]","[776, 1027.5]","[-1, 0]","[145, 145]","[-1, 0]","[143, 143]"
145,"[788, 998]","[899, 1053]",145,"[843.5, 1053]","[843.5, 998]","[788, 1025.5]","[899, 1025.5]","[-1, 0]","[146, 146]","[-1, 0]","[144, 144]"
146,"[914, 995]","[1008, 1063]",146,"[961.0, 1063]","[961.0, 995]","[914, 1029.0]","[1008, 1029.0]","[-1, 0]","[147, 147]","[-1, 0]","[145, 145]"
147,"[1020, 998]","[1126, 1063]",147,"[1073.0, 1063]","[1073.0, 998]","[1020, 1030.5]","[1126, 1030.5]","[-1, 0]","[148, 148]","[-1, 0]","[146, 146]"
148,"[1138, 1001]","[1206, 1060]",148,"[1172.0, 1060]","[1172.0, 1001]","[1138, 1030.5]","[1206, 1030.5]","[159, 159]","[-1, 0]","[-1, 0]","[147, 147]"
149,"[1271, 1001]","[1332, 1056]",149,"[1301.5, 1056]","[1301.5, 1001]","[1271, 1028.5]","[1332, 1028.5]","[160, 160]","[150, 150]","[116, 116]","[-1, 0]"
150,"[1327, 1005]","[1549, 1053]",150,"[1438.0, 1053]","[1438.0, 1005]","[1327, 1029.0]","[1549, 1029.0]","[161, 161]","[151, 151]","[117, 117]","[149, 149]"
151,"[1559, 1001]","[1636, 1053]",151,"[1597.5, 1053]","[1597.5, 1001]","[1559, 1027.0]","[1636, 1027.0]","[162, 162]","[152, 152]","[118, 118]","[150, 150]"
152,"[1646, 1005]","[2052, 1056]",152,"[1849.0, 1056]","[1849.0, 1005]","[1646, 1030.5]","[2052, 1030.5]","[164, 164]","[153, 153]","[121, 121]","[151, 151]"
153,"[2057, 998]","[2202, 1060]",153,"[2129.5, 1060]","[2129.5, 998]","[2057, 1029.0]","[2202, 1029.0]","[167, 167]","[154, 154]","[-1, 0]","[152, 152]"
154,"[2209, 1001]","[2311, 1053]",154,"[2260.0, 1053]","[2260.0, 1001]","[2209, 1027.0]","[2311, 1027.0]","[168, 168]","[-1, 0]","[-1, 0]","[153, 153]"
155,"[174, 1073]","[353, 1125]",155,"[263.5, 1125]","[263.5, 1073]","[174, 1099.0]","[353, 1099.0]","[169, 169]","[156, 156]","[141, 141]","[-1, 0]"
156,"[382, 1070]","[611, 1118]",156,"[496.5, 1118]","[496.5, 1070]","[382, 1094.0]","[611, 1094.0]","[170, 170]","[157, 157]","[-1, 0]","[155, 155]"
157,"[636, 1073]","[947, 1125]",157,"[791.5, 1125]","[791.5, 1073]","[636, 1099.0]","[947, 1099.0]","[-1, 0]","[158, 158]","[-1, 0]","[156, 156]"
158,"[972, 1063]","[1083, 1118]",158,"[1027.5, 1118]","[1027.5, 1063]","[972, 1090.5]","[1083, 1090.5]","[174, 174]","[159, 159]","[-1, 0]","[157, 157]"
159,"[1105, 1056]","[1208, 1125]",159,"[1156.5, 1125]","[1156.5, 1056]","[1105, 1090.5]","[1208, 1090.5]","[-1, 0]","[-1, 0]","[148, 148]","[158, 158]"
160,"[1269, 1060]","[1387, 1125]",160,"[1328.0, 1125]","[1328.0, 1060]","[1269, 1092.5]","[1387, 1092.5]","[176, 176]","[161, 161]","[149, 149]","[-1, 0]"
161,"[1392, 1070]","[1477, 1125]",161,"[1434.5, 1125]","[1434.5, 1070]","[1392, 1097.5]","[1477, 1097.5]","[-1, 0]","[162, 162]","[150, 150]","[160, 160]"
162,"[1486, 1063]","[1697, 1114]",162,"[1591.5, 1114]","[1591.5, 1063]","[1486, 1088.5]","[1697, 1088.5]","[-1, 0]","[163, 163]","[151, 151]","[161, 161]"
163,"[1723, 1066]","[1825, 1118]",163,"[1774.0, 1118]","[1774.0, 1066]","[1723, 1092.0]","[1825, 1092.0]","[179, 179]","[164, 164]","[-1, 0]","[162, 162]"
164,"[1832, 1063]","[1907, 1118]",164,"[1869.5, 1118]","[1869.5, 1063]","[1832, 1090.5]","[1907, 1090.5]","[180, 180]","[165, 165]","[152, 152]","[163, 163]"
165,"[1914, 1073]","[2025, 1114]",165,"[1969.5, 1114]","[1969.5, 1073]","[1914, 1093.5]","[2025, 1093.5]","[-1, 0]","[166, 166]","[-1, 0]","[164, 164]"
166,"[2035, 1060]","[2083, 1121]",166,"[2059.0, 1121]","[2059.0, 1060]","[2035, 1090.5]","[2083, 1090.5]","[181, 181]","[167, 167]","[-1, 0]","[165, 165]"
167,"[2088, 1063]","[2226, 1114]",167,"[2157.0, 1114]","[2157.0, 1063]","[2088, 1088.5]","[2226, 1088.5]","[182, 182]","[168, 168]","[153, 153]","[166, 166]"
168,"[2236, 1060]","[2311, 1118]",168,"[2273.5, 1118]","[2273.5, 1060]","[2236, 1089.0]","[2311, 1089.0]","[183, 183]","[-1, 0]","[154, 154]","[167, 167]"
169,"[164, 1121]","[423, 1193]",169,"[293.5, 1193]","[293.5, 1121]","[164, 1157.0]","[423, 1157.0]","[190, 190]","[170, 170]","[155, 155]","[-1, 0]"
170,"[418, 1125]","[520, 1189]",170,"[469.0, 1189]","[469.0, 1125]","[418, 1157.0]","[520, 1157.0]","[192, 192]","[171, 171]","[156, 156]","[169, 169]"
171,"[522, 1125]","[641, 1189]",171,"[581.5, 1189]","[581.5, 1125]","[522, 1157.0]","[641, 1157.0]","[-1, 0]","[172, 172]","[-1, 0]","[170, 170]"
172,"[648, 1138]","[786, 1189]",172,"[717.0, 1189]","[717.0, 1138]","[648, 1163.5]","[786, 1163.5]","[-1, 0]","[173, 173]","[-1, 0]","[171, 171]"
173,"[795, 1125]","[957, 1186]",173,"[876.0, 1186]","[876.0, 1125]","[795, 1155.5]","[957, 1155.5]","[-1, 0]","[174, 174]","[-1, 0]","[172, 172]"
174,"[960, 1128]","[1037, 1186]",174,"[998.5, 1186]","[998.5, 1128]","[960, 1157.0]","[1037, 1157.0]","[-1, 0]","[175, 175]","[158, 158]","[173, 173]"
175,"[1037, 1121]","[1211, 1196]",175,"[1124.0, 1196]","[1124.0, 1121]","[1037, 1158.5]","[1211, 1158.5]","[-1, 0]","[-1, 0]","[-1, 0]","[174, 174]"
176,"[1269, 1125]","[1424, 1186]",176,"[1346.5, 1186]","[1346.5, 1125]","[1269, 1155.5]","[1424, 1155.5]","[-1, 0]","[177, 177]","[160, 160]","[-1, 0]"
177,"[1426, 1125]","[1578, 1186]",177,"[1502.0, 1186]","[1502.0, 1125]","[1426, 1155.5]","[1578, 1155.5]","[-1, 0]","[178, 178]","[-1, 0]","[176, 176]"
178,"[1581, 1138]","[1689, 1189]",178,"[1635.0, 1189]","[1635.0, 1138]","[1581, 1163.5]","[1689, 1163.5]","[-1, 0]","[179, 179]","[-1, 0]","[177, 177]"
179,"[1687, 1121]","[1825, 1196]",179,"[1756.0, 1196]","[1756.0, 1121]","[1687, 1158.5]","[1825, 1158.5]","[-1, 0]","[180, 180]","[163, 163]","[178, 178]"
180,"[1822, 1125]","[1943, 1189]",180,"[1882.5, 1189]","[1882.5, 1125]","[1822, 1157.0]","[1943, 1157.0]","[-1, 0]","[181, 181]","[164, 164]","[179, 179]"
181,"[1951, 1135]","[2110, 1186]",181,"[2030.5, 1186]","[2030.5, 1135]","[1951, 1160.5]","[2110, 1160.5]","[-1, 0]","[182, 182]","[166, 166]","[180, 180]"
182,"[2112, 1135]","[2233, 1186]",182,"[2172.5, 1186]","[2172.5, 1135]","[2112, 1160.5]","[2233, 1160.5]","[-1, 0]","[183, 183]","[167, 167]","[181, 181]"
183,"[2238, 1128]","[2311, 1186]",183,"[2274.5, 1186]","[2274.5, 1128]","[2238, 1157.0]","[2311, 1157.0]","[-1, 0]","[-1, 0]","[168, 168]","[182, 182]"
184,"[164, 865]","[319, 940]",184,"[241.5, 940]","[241.5, 865]","[164, 902.5]","[319, 902.5]","[-1, 0]","[185, 185]","[125, 125]","[-1, 0]"
185,"[331, 868]","[471, 933]",185,"[401.0, 933]","[401.0, 868]","[331, 900.5]","[471, 900.5]","[-1, 0]","[-1, 0]","[127, 127]","[184, 184]"
186,"[176, 943]","[203, 981]",186,"[189.5, 981]","[189.5, 943]","[176, 962.0]","[203, 962.0]","[-1, 0]","[187, 187]","[-1, 0]","[-1, 0]"
187,"[230, 933]","[365, 998]",187,"[297.5, 998]","[297.5, 933]","[230, 965.5]","[365, 965.5]","[141, 141]","[188, 188]","[-1, 0]","[186, 186]"
188,"[377, 933]","[508, 998]",188,"[442.5, 998]","[442.5, 933]","[377, 965.5]","[508, 965.5]","[142, 142]","[-1, 0]","[-1, 0]","[187, 187]"
189,"[167, 1193]","[249, 1254]",189,"[208.0, 1254]","[208.0, 1193]","[167, 1223.5]","[249, 1223.5]","[-1, 0]","[190, 190]","[-1, 0]","[-1, 0]"
190,"[256, 1193]","[363, 1248]",190,"[309.5, 1248]","[309.5, 1193]","[256, 1220.5]","[363, 1220.5]","[202, 202]","[191, 191]","[169, 169]","[189, 189]"
191,"[370, 1183]","[430, 1258]",191,"[400.0, 1258]","[400.0, 1183]","[370, 1220.5]","[430, 1220.5]","[-1, 0]","[192, 192]","[-1, 0]","[190, 190]"
192,"[433, 1189]","[539, 1254]",192,"[486.0, 1254]","[486.0, 1189]","[433, 1221.5]","[539, 1221.5]","[204, 204]","[193, 193]","[170, 170]","[191, 191]"
193,"[549, 1196]","[728, 1258]",193,"[638.5, 1258]","[638.5, 1196]","[549, 1227.0]","[728, 1227.0]","[205, 205]","[-1, 0]","[-1, 0]","[192, 192]"
194,"[1267, 1186]","[1346, 1254]",194,"[1306.5, 1254]","[1306.5, 1186]","[1267, 1220.0]","[1346, 1220.0]","[210, 210]","[195, 195]","[-1, 0]","[-1, 0]"
195,"[1375, 1193]","[1496, 1244]",195,"[1435.5, 1244]","[1435.5, 1193]","[1375, 1218.5]","[1496, 1218.5]","[211, 211]","[196, 196]","[-1, 0]","[194, 194]"
196,"[1508, 1189]","[1615, 1254]",196,"[1561.5, 1254]","[1561.5, 1189]","[1508, 1221.5]","[1615, 1221.5]","[-1, 0]","[197, 197]","[-1, 0]","[195, 195]"
197,"[1624, 1193]","[1760, 1244]",197,"[1692.0, 1244]","[1692.0, 1193]","[1624, 1218.5]","[1760, 1218.5]","[-1, 0]","[198, 198]","[-1, 0]","[196, 196]"
198,"[1772, 1186]","[1883, 1254]",198,"[1827.5, 1254]","[1827.5, 1186]","[1772, 1220.0]","[1883, 1220.0]","[-1, 0]","[199, 199]","[-1, 0]","[197, 197]"
199,"[1893, 1196]","[2021, 1248]",199,"[1957.0, 1248]","[1957.0, 1196]","[1893, 1222.0]","[2021, 1222.0]","[-1, 0]","[200, 200]","[-1, 0]","[198, 198]"
200,"[2033, 1189]","[2151, 1244]",200,"[2092.0, 1244]","[2092.0, 1189]","[2033, 1216.5]","[2151, 1216.5]","[-1, 0]","[201, 201]","[-1, 0]","[199, 199]"
201,"[2166, 1193]","[2308, 1254]",201,"[2237.0, 1254]","[2237.0, 1193]","[2166, 1223.5]","[2308, 1223.5]","[-1, 0]","[-1, 0]","[-1, 0]","[200, 200]"
202,"[225, 1254]","[382, 1316]",202,"[303.5, 1316]","[303.5, 1254]","[225, 1285.0]","[382, 1285.0]","[-1, 0]","[203, 203]","[190, 190]","[-1, 0]"
203,"[384, 1251]","[486, 1316]",203,"[435.0, 1316]","[435.0, 1251]","[384, 1283.5]","[486, 1283.5]","[-1, 0]","[204, 204]","[-1, 0]","[202, 202]"
204,"[495, 1268]","[524, 1306]",204,"[509.5, 1306]","[509.5, 1268]","[495, 1287.0]","[524, 1287.0]","[-1, 0]","[205, 205]","[192, 192]","[203, 203]"
205,"[532, 1258]","[699, 1319]",205,"[615.5, 1319]","[615.5, 1258]","[532, 1288.5]","[699, 1288.5]","[216, 216]","[206, 206]","[193, 193]","[204, 204]"
206,"[699, 1254]","[781, 1323]",206,"[740.0, 1323]","[740.0, 1254]","[699, 1288.5]","[781, 1288.5]","[-1, 0]","[207, 207]","[-1, 0]","[205, 205]"
207,"[778, 1251]","[870, 1323]",207,"[824.0, 1323]","[824.0, 1251]","[778, 1287.0]","[870, 1287.0]","[-1, 0]","[208, 208]","[-1, 0]","[206, 206]"
208,"[870, 1254]","[986, 1323]",208,"[928.0, 1323]","[928.0, 1254]","[870, 1288.5]","[986, 1288.5]","[218, 218]","[209, 209]","[-1, 0]","[207, 207]"
209,"[993, 1258]","[1206, 1323]",209,"[1099.5, 1323]","[1099.5, 1258]","[993, 1290.5]","[1206, 1290.5]","[-1, 0]","[-1, 0]","[-1, 0]","[208, 208]"
210,"[1269, 1248]","[1346, 1316]",210,"[1307.5, 1316]","[1307.5, 1248]","[1269, 1282.0]","[1346, 1282.0]","[-1, 0]","[211, 211]","[194, 194]","[-1, 0]"
211,"[1354, 1251]","[1549, 1312]",211,"[1451.5, 1312]","[1451.5, 1251]","[1354, 1281.5]","[1549, 1281.5]","[-1, 0]","[212, 212]","[195, 195]","[210, 210]"
212,"[1559, 1254]","[1689, 1306]",212,"[1624.0, 1306]","[1624.0, 1254]","[1559, 1280.0]","[1689, 1280.0]","[-1, 0]","[213, 213]","[-1, 0]","[211, 211]"
213,"[1702, 1251]","[1842, 1316]",213,"[1772.0, 1316]","[1772.0, 1251]","[1702, 1283.5]","[1842, 1283.5]","[229, 229]","[-1, 0]","[-1, 0]","[212, 212]"
214,"[167, 1326]","[247, 1381]",214,"[207.0, 1381]","[207.0, 1326]","[167, 1353.5]","[247, 1353.5]","[221, 221]","[215, 215]","[-1, 0]","[-1, 0]"
215,"[271, 1323]","[435, 1374]",215,"[353.0, 1374]","[353.0, 1323]","[271, 1348.5]","[435, 1348.5]","[-1, 0]","[216, 216]","[-1, 0]","[214, 214]"
216,"[462, 1323]","[706, 1374]",216,"[584.0, 1374]","[584.0, 1323]","[462, 1348.5]","[706, 1348.5]","[223, 223]","[217, 217]","[205, 205]","[215, 215]"
217,"[725, 1316]","[827, 1384]",217,"[776.0, 1384]","[776.0, 1316]","[725, 1350.0]","[827, 1350.0]","[-1, 0]","[218, 218]","[-1, 0]","[216, 216]"
218,"[841, 1319]","[969, 1384]",218,"[905.0, 1384]","[905.0, 1319]","[841, 1351.5]","[969, 1351.5]","[-1, 0]","[219, 219]","[208, 208]","[217, 217]"
219,"[986, 1309]","[1112, 1391]",219,"[1049.0, 1391]","[1049.0, 1309]","[986, 1350.0]","[1112, 1350.0]","[227, 227]","[220, 220]","[-1, 0]","[218, 218]"
220,"[1131, 1316]","[1211, 1388]",220,"[1171.0, 1388]","[1171.0, 1316]","[1131, 1352.0]","[1211, 1352.0]","[228, 228]","[-1, 0]","[-1, 0]","[219, 219]"
221,"[167, 1377]","[295, 1453]",221,"[231.0, 1453]","[231.0, 1377]","[167, 1415.0]","[295, 1415.0]","[242, 242]","[222, 222]","[214, 214]","[-1, 0]"
222,"[307, 1384]","[498, 1446]",222,"[402.5, 1446]","[402.5, 1384]","[307, 1415.0]","[498, 1415.0]","[244, 244]","[223, 223]","[-1, 0]","[221, 221]"
223,"[510, 1384]","[628, 1449]",223,"[569.0, 1449]","[569.0, 1384]","[510, 1416.5]","[628, 1416.5]","[245, 245]","[224, 224]","[216, 216]","[222, 222]"
224,"[643, 1384]","[759, 1453]",224,"[701.0, 1453]","[701.0, 1384]","[643, 1418.5]","[759, 1418.5]","[-1, 0]","[225, 225]","[-1, 0]","[223, 223]"
225,"[773, 1384]","[889, 1453]",225,"[831.0, 1453]","[831.0, 1384]","[773, 1418.5]","[889, 1418.5]","[-1, 0]","[226, 226]","[-1, 0]","[224, 224]"
226,"[902, 1384]","[1008, 1453]",226,"[955.0, 1453]","[955.0, 1384]","[902, 1418.5]","[1008, 1418.5]","[247, 247]","[227, 227]","[-1, 0]","[225, 225]"
227,"[1025, 1377]","[1117, 1459]",227,"[1071.0, 1459]","[1071.0, 1377]","[1025, 1418.0]","[1117, 1418.0]","[-1, 0]","[228, 228]","[219, 219]","[226, 226]"
228,"[1126, 1381]","[1208, 1453]",228,"[1167.0, 1453]","[1167.0, 1381]","[1126, 1417.0]","[1208, 1417.0]","[-1, 0]","[-1, 0]","[220, 220]","[227, 227]"
229,"[1716, 1326]","[1878, 1391]",229,"[1797.0, 1391]","[1797.0, 1326]","[1716, 1358.5]","[1878, 1358.5]","[236, 236]","[-1, 0]","[213, 213]","[-1, 0]"
230,"[1675, 1535]","[1820, 1610]",230,"[1747.5, 1610]","[1747.5, 1535]","[1675, 1572.5]","[1820, 1572.5]","[232, 232]","[271, 271]","[253, 253]","[270, 270]"
231,"[1636, 1606]","[1709, 1665]",231,"[1672.5, 1665]","[1672.5, 1606]","[1636, 1635.5]","[1709, 1635.5]","[-1, 0]","[232, 232]","[-1, 0]","[300, 300]"
232,"[1714, 1603]","[1837, 1668]",232,"[1775.5, 1668]","[1775.5, 1603]","[1714, 1635.5]","[1837, 1635.5]","[-1, 0]","[272, 272]","[230, 230]","[231, 231]"
233,"[1327, 1405]","[1441, 1473]",233,"[1384.0, 1473]","[1384.0, 1405]","[1327, 1439.0]","[1441, 1439.0]","[-1, 0]","[234, 234]","[-1, 0]","[-1, 0]"
234,"[1453, 1415]","[1528, 1470]",234,"[1490.5, 1470]","[1490.5, 1415]","[1453, 1442.5]","[1528, 1442.5]","[251, 251]","[235, 235]","[-1, 0]","[233, 233]"
235,"[1540, 1405]","[1714, 1466]",235,"[1627.0, 1466]","[1627.0, 1405]","[1540, 1435.5]","[1714, 1435.5]","[252, 252]","[236, 236]","[-1, 0]","[234, 234]"
236,"[1726, 1408]","[1830, 1463]",236,"[1778.0, 1463]","[1778.0, 1408]","[1726, 1435.5]","[1830, 1435.5]","[253, 253]","[237, 237]","[229, 229]","[235, 235]"
237,"[1842, 1412]","[1909, 1470]",237,"[1875.5, 1470]","[1875.5, 1412]","[1842, 1441.0]","[1909, 1441.0]","[254, 254]","[238, 238]","[-1, 0]","[236, 236]"
238,"[1917, 1405]","[2001, 1477]",238,"[1959.0, 1477]","[1959.0, 1405]","[1917, 1441.0]","[2001, 1441.0]","[255, 255]","[239, 239]","[-1, 0]","[237, 237]"
239,"[2009, 1405]","[2103, 1473]",239,"[2056.0, 1473]","[2056.0, 1405]","[2009, 1439.0]","[2103, 1439.0]","[256, 256]","[240, 240]","[-1, 0]","[238, 238]"
240,"[2110, 1405]","[2187, 1477]",240,"[2148.5, 1477]","[2148.5, 1405]","[2110, 1441.0]","[2187, 1441.0]","[257, 257]","[241, 241]","[-1, 0]","[239, 239]"
241,"[2195, 1408]","[2313, 1477]",241,"[2254.0, 1477]","[2254.0, 1408]","[2195, 1442.5]","[2313, 1442.5]","[258, 258]","[-1, 0]","[-1, 0]","[240, 240]"
242,"[169, 1446]","[278, 1514]",242,"[223.5, 1514]","[223.5, 1446]","[169, 1480.0]","[278, 1480.0]","[-1, 0]","[243, 243]","[221, 221]","[-1, 0]"
243,"[283, 1442]","[372, 1514]",243,"[327.5, 1514]","[327.5, 1442]","[283, 1478.0]","[372, 1478.0]","[-1, 0]","[244, 244]","[-1, 0]","[242, 242]"
244,"[379, 1453]","[454, 1511]",244,"[416.5, 1511]","[416.5, 1453]","[379, 1482.0]","[454, 1482.0]","[260, 260]","[245, 245]","[222, 222]","[243, 243]"
245,"[469, 1453]","[674, 1504]",245,"[571.5, 1504]","[571.5, 1453]","[469, 1478.5]","[674, 1478.5]","[-1, 0]","[246, 246]","[223, 223]","[244, 244]"
246,"[694, 1449]","[860, 1514]",246,"[777.0, 1514]","[777.0, 1449]","[694, 1481.5]","[860, 1481.5]","[263, 263]","[247, 247]","[-1, 0]","[245, 245]"
247,"[868, 1446]","[996, 1511]",247,"[932.0, 1511]","[932.0, 1446]","[868, 1478.5]","[996, 1478.5]","[265, 265]","[248, 248]","[226, 226]","[246, 246]"
248,"[1005, 1466]","[1037, 1500]",248,"[1021.0, 1500]","[1021.0, 1466]","[1005, 1483.0]","[1037, 1483.0]","[266, 266]","[249, 249]","[-1, 0]","[247, 247]"
249,"[1054, 1446]","[1206, 1511]",249,"[1130.0, 1511]","[1130.0, 1446]","[1054, 1478.5]","[1206, 1478.5]","[267, 267]","[-1, 0]","[-1, 0]","[248, 248]"
250,"[1269, 1466]","[1385, 1545]",250,"[1327.0, 1545]","[1327.0, 1466]","[1269, 1505.5]","[1385, 1505.5]","[268, 268]","[251, 251]","[-1, 0]","[-1, 0]"
251,"[1395, 1473]","[1569, 1538]",251,"[1482.0, 1538]","[1482.0, 1473]","[1395, 1505.5]","[1569, 1505.5]","[-1, 0]","[252, 252]","[234, 234]","[250, 250]"
252,"[1588, 1483]","[1697, 1535]",252,"[1642.5, 1535]","[1642.5, 1483]","[1588, 1509.0]","[1697, 1509.0]","[-1, 0]","[253, 253]","[235, 235]","[251, 251]"
253,"[1723, 1477]","[1793, 1531]",253,"[1758.0, 1531]","[1758.0, 1477]","[1723, 1504.0]","[1793, 1504.0]","[230, 230]","[254, 254]","[236, 236]","[252, 252]"
254,"[1803, 1466]","[1888, 1538]",254,"[1845.5, 1538]","[1845.5, 1466]","[1803, 1502.0]","[1888, 1502.0]","[-1, 0]","[255, 255]","[237, 237]","[253, 253]"
255,"[1893, 1473]","[2006, 1538]",255,"[1949.5, 1538]","[1949.5, 1473]","[1893, 1505.5]","[2006, 1505.5]","[271, 271]","[256, 256]","[238, 238]","[254, 254]"
256,"[2013, 1463]","[2112, 1548]",256,"[2062.5, 1548]","[2062.5, 1463]","[2013, 1505.5]","[2112, 1505.5]","[285, 285]","[257, 257]","[239, 239]","[255, 255]"
257,"[2117, 1470]","[2231, 1538]",257,"[2174.0, 1538]","[2174.0, 1470]","[2117, 1504.0]","[2231, 1504.0]","[286, 286]","[258, 258]","[240, 240]","[256, 256]"
258,"[2238, 1466]","[2313, 1535]",258,"[2275.5, 1535]","[2275.5, 1466]","[2238, 1500.5]","[2313, 1500.5]","[287, 287]","[-1, 0]","[241, 241]","[257, 257]"
259,"[167, 1514]","[358, 1579]",259,"[262.5, 1579]","[262.5, 1514]","[167, 1546.5]","[358, 1546.5]","[-1, 0]","[260, 260]","[-1, 0]","[-1, 0]"
260,"[360, 1504]","[474, 1583]",260,"[417.0, 1583]","[417.0, 1504]","[360, 1543.5]","[474, 1543.5]","[289, 289]","[261, 261]","[244, 244]","[259, 259]"
261,"[471, 1511]","[551, 1579]",261,"[511.0, 1579]","[511.0, 1511]","[471, 1545.0]","[551, 1545.0]","[290, 290]","[262, 262]","[-1, 0]","[260, 260]"
262,"[553, 1511]","[740, 1576]",262,"[646.5, 1576]","[646.5, 1511]","[553, 1543.5]","[740, 1543.5]","[292, 292]","[263, 263]","[-1, 0]","[261, 261]"
263,"[749, 1514]","[848, 1565]",263,"[798.5, 1565]","[798.5, 1514]","[749, 1539.5]","[848, 1539.5]","[-1, 0]","[264, 264]","[246, 246]","[262, 262]"
264,"[853, 1504]","[921, 1576]",264,"[887.0, 1576]","[887.0, 1504]","[853, 1540.0]","[921, 1540.0]","[-1, 0]","[265, 265]","[-1, 0]","[263, 263]"
265,"[923, 1521]","[957, 1569]",265,"[940.0, 1569]","[940.0, 1521]","[923, 1545.0]","[957, 1545.0]","[-1, 0]","[266, 266]","[247, 247]","[264, 264]"
266,"[969, 1514]","[1044, 1572]",266,"[1006.5, 1572]","[1006.5, 1514]","[969, 1543.0]","[1044, 1543.0]","[-1, 0]","[267, 267]","[248, 248]","[265, 265]"
267,"[1044, 1514]","[1204, 1576]",267,"[1124.0, 1576]","[1124.0, 1514]","[1044, 1545.0]","[1204, 1545.0]","[-1, 0]","[-1, 0]","[249, 249]","[266, 266]"
268,"[1267, 1531]","[1392, 1610]",268,"[1329.5, 1610]","[1329.5, 1531]","[1267, 1570.5]","[1392, 1570.5]","[297, 297]","[269, 269]","[250, 250]","[-1, 0]"
269,"[1392, 1531]","[1499, 1610]",269,"[1445.5, 1610]","[1445.5, 1531]","[1392, 1570.5]","[1499, 1570.5]","[299, 299]","[270, 270]","[-1, 0]","[268, 268]"
270,"[1506, 1535]","[1670, 1610]",270,"[1588.0, 1610]","[1588.0, 1535]","[1506, 1572.5]","[1670, 1572.5]","[-1, 0]","[230, 230]","[-1, 0]","[269, 269]"
271,"[1832, 1538]","[2023, 1603]",271,"[1927.5, 1603]","[1927.5, 1538]","[1832, 1570.5]","[2023, 1570.5]","[-1, 0]","[285, 285]","[255, 255]","[230, 230]"
272,"[1849, 1606]","[1897, 1671]",272,"[1873.0, 1671]","[1873.0, 1606]","[1849, 1638.5]","[1897, 1638.5]","[305, 305]","[273, 273]","[-1, 0]","[232, 232]"
273,"[1905, 1603]","[2016, 1668]",273,"[1960.5, 1668]","[1960.5, 1603]","[1905, 1635.5]","[2016, 1635.5]","[306, 306]","[274, 274]","[-1, 0]","[272, 272]"
274,"[2025, 1603]","[2134, 1671]",274,"[2079.5, 1671]","[2079.5, 1603]","[2025, 1637.0]","[2134, 1637.0]","[307, 307]","[275, 275]","[285, 285]","[273, 273]"
275,"[2141, 1600]","[2216, 1668]",275,"[2178.5, 1668]","[2178.5, 1600]","[2141, 1634.0]","[2216, 1634.0]","[308, 308]","[276, 276]","[-1, 0]","[274, 274]"
276,"[2221, 1603]","[2313, 1668]",276,"[2267.0, 1668]","[2267.0, 1603]","[2221, 1635.5]","[2313, 1635.5]","[309, 309]","[-1, 0]","[287, 287]","[275, 275]"
277,"[1905, 1726]","[2030, 1805]",277,"[1967.5, 1805]","[1967.5, 1726]","[1905, 1765.5]","[2030, 1765.5]","[345, 345]","[278, 278]","[306, 306]","[329, 329]"
278,"[2047, 1723]","[2190, 1801]",278,"[2118.5, 1801]","[2118.5, 1723]","[2047, 1762.0]","[2190, 1762.0]","[-1, 0]","[330, 330]","[-1, 0]","[277, 277]"
279,"[288, 1593]","[317, 1627]",279,"[302.5, 1627]","[302.5, 1593]","[288, 1610.0]","[317, 1610.0]","[293, 293]","[289, 289]","[-1, 0]","[288, 288]"
280,"[176, 1654]","[203, 1688]",280,"[189.5, 1688]","[189.5, 1654]","[176, 1671.0]","[203, 1671.0]","[-1, 0]","[293, 293]","[-1, 0]","[-1, 0]"
281,"[174, 1784]","[198, 1825]",281,"[186.0, 1825]","[186.0, 1784]","[174, 1804.5]","[198, 1804.5]","[282, 282]","[331, 331]","[-1, 0]","[-1, 0]"
282,"[167, 1832]","[261, 1900]",282,"[214.0, 1900]","[214.0, 1832]","[167, 1866.0]","[261, 1866.0]","[-1, 0]","[283, 283]","[281, 281]","[-1, 0]"
283,"[266, 1835]","[401, 1900]",283,"[333.5, 1900]","[333.5, 1835]","[266, 1867.5]","[401, 1867.5]","[-1, 0]","[284, 284]","[-1, 0]","[282, 282]"
284,"[406, 1832]","[491, 1904]",284,"[448.5, 1904]","[448.5, 1832]","[406, 1868.0]","[491, 1868.0]","[-1, 0]","[-1, 0]","[333, 333]","[283, 283]"
285,"[2050, 1535]","[2098, 1606]",285,"[2074.0, 1606]","[2074.0, 1535]","[2050, 1570.5]","[2098, 1570.5]","[274, 274]","[286, 286]","[256, 256]","[271, 271]"
286,"[2100, 1528]","[2187, 1610]",286,"[2143.5, 1610]","[2143.5, 1528]","[2100, 1569.0]","[2187, 1569.0]","[-1, 0]","[287, 287]","[257, 257]","[285, 285]"
287,"[2187, 1531]","[2318, 1610]",287,"[2252.5, 1610]","[2252.5, 1531]","[2187, 1570.5]","[2318, 1570.5]","[276, 276]","[-1, 0]","[258, 258]","[286, 286]"
288,"[164, 1576]","[278, 1641]",288,"[221.0, 1641]","[221.0, 1576]","[164, 1608.5]","[278, 1608.5]","[-1, 0]","[279, 279]","[-1, 0]","[-1, 0]"
289,"[331, 1576]","[450, 1641]",289,"[390.5, 1641]","[390.5, 1576]","[331, 1608.5]","[450, 1608.5]","[-1, 0]","[290, 290]","[260, 260]","[279, 279]"
290,"[454, 1572]","[522, 1647]",290,"[488.0, 1647]","[488.0, 1572]","[454, 1609.5]","[522, 1609.5]","[294, 294]","[291, 291]","[261, 261]","[289, 289]"
291,"[529, 1576]","[621, 1647]",291,"[575.0, 1647]","[575.0, 1576]","[529, 1611.5]","[621, 1611.5]","[-1, 0]","[292, 292]","[-1, 0]","[290, 290]"
292,"[628, 1576]","[715, 1641]",292,"[671.5, 1641]","[671.5, 1576]","[628, 1608.5]","[715, 1608.5]","[-1, 0]","[-1, 0]","[262, 262]","[291, 291]"
293,"[227, 1641]","[423, 1706]",293,"[325.0, 1706]","[325.0, 1641]","[227, 1673.5]","[423, 1673.5]","[-1, 0]","[294, 294]","[279, 279]","[280, 280]"
294,"[435, 1634]","[580, 1712]",294,"[507.5, 1712]","[507.5, 1634]","[435, 1673.0]","[580, 1673.0]","[-1, 0]","[295, 295]","[290, 290]","[293, 293]"
295,"[587, 1637]","[660, 1709]",295,"[623.5, 1709]","[623.5, 1637]","[587, 1673.0]","[660, 1673.0]","[-1, 0]","[296, 296]","[-1, 0]","[294, 294]"
296,"[672, 1641]","[749, 1709]",296,"[710.5, 1709]","[710.5, 1641]","[672, 1675.0]","[749, 1675.0]","[321, 321]","[-1, 0]","[-1, 0]","[295, 295]"
297,"[1269, 1606]","[1341, 1665]",297,"[1305.0, 1665]","[1305.0, 1606]","[1269, 1635.5]","[1341, 1635.5]","[301, 301]","[298, 298]","[268, 268]","[-1, 0]"
298,"[1349, 1600]","[1431, 1671]",298,"[1390.0, 1671]","[1390.0, 1600]","[1349, 1635.5]","[1431, 1635.5]","[-1, 0]","[299, 299]","[-1, 0]","[297, 297]"
299,"[1436, 1596]","[1479, 1668]",299,"[1457.5, 1668]","[1457.5, 1596]","[1436, 1632.0]","[1479, 1632.0]","[302, 302]","[300, 300]","[269, 269]","[298, 298]"
300,"[1484, 1596]","[1629, 1671]",300,"[1556.5, 1671]","[1556.5, 1596]","[1484, 1633.5]","[1629, 1633.5]","[-1, 0]","[231, 231]","[-1, 0]","[299, 299]"
301,"[1271, 1668]","[1390, 1723]",301,"[1330.5, 1723]","[1330.5, 1668]","[1271, 1695.5]","[1390, 1695.5]","[325, 325]","[302, 302]","[297, 297]","[-1, 0]"
302,"[1397, 1661]","[1566, 1736]",302,"[1481.5, 1736]","[1481.5, 1661]","[1397, 1698.5]","[1566, 1698.5]","[-1, 0]","[303, 303]","[299, 299]","[301, 301]"
303,"[1571, 1658]","[1689, 1740]",303,"[1630.0, 1740]","[1630.0, 1658]","[1571, 1699.0]","[1689, 1699.0]","[-1, 0]","[304, 304]","[-1, 0]","[302, 302]"
304,"[1694, 1661]","[1772, 1736]",304,"[1733.0, 1736]","[1733.0, 1661]","[1694, 1698.5]","[1772, 1698.5]","[328, 328]","[305, 305]","[-1, 0]","[303, 303]"
305,"[1779, 1668]","[1907, 1733]",305,"[1843.0, 1733]","[1843.0, 1668]","[1779, 1700.5]","[1907, 1700.5]","[329, 329]","[306, 306]","[272, 272]","[304, 304]"
306,"[1919, 1665]","[2040, 1733]",306,"[1979.5, 1733]","[1979.5, 1665]","[1919, 1699.0]","[2040, 1699.0]","[277, 277]","[307, 307]","[273, 273]","[305, 305]"
307,"[2047, 1678]","[2083, 1723]",307,"[2065.0, 1723]","[2065.0, 1678]","[2047, 1700.5]","[2083, 1700.5]","[-1, 0]","[308, 308]","[274, 274]","[306, 306]"
308,"[2093, 1668]","[2236, 1729]",308,"[2164.5, 1729]","[2164.5, 1668]","[2093, 1698.5]","[2236, 1698.5]","[-1, 0]","[309, 309]","[275, 275]","[307, 307]"
309,"[2250, 1675]","[2308, 1719]",309,"[2279.0, 1719]","[2279.0, 1675]","[2250, 1697.0]","[2308, 1697.0]","[330, 330]","[-1, 0]","[276, 276]","[308, 308]"
310,"[1274, 1856]","[1329, 1921]",310,"[1301.5, 1921]","[1301.5, 1856]","[1274, 1888.5]","[1329, 1888.5]","[-1, 0]","[311, 311]","[-1, 0]","[-1, 0]"
311,"[1332, 1853]","[1501, 1928]",311,"[1416.5, 1928]","[1416.5, 1853]","[1332, 1890.5]","[1501, 1890.5]","[-1, 0]","[312, 312]","[341, 341]","[310, 310]"
312,"[1506, 1863]","[1658, 1914]",312,"[1582.0, 1914]","[1582.0, 1863]","[1506, 1888.5]","[1658, 1888.5]","[359, 359]","[313, 313]","[-1, 0]","[311, 311]"
313,"[1665, 1856]","[1808, 1921]",313,"[1736.5, 1921]","[1736.5, 1856]","[1665, 1888.5]","[1808, 1888.5]","[360, 360]","[314, 314]","[-1, 0]","[312, 312]"
314,"[1808, 1856]","[1885, 1928]",314,"[1846.5, 1928]","[1846.5, 1856]","[1808, 1892.0]","[1885, 1892.0]","[-1, 0]","[315, 315]","[-1, 0]","[313, 313]"
315,"[1888, 1856]","[1992, 1924]",315,"[1940.0, 1924]","[1940.0, 1856]","[1888, 1890.0]","[1992, 1890.0]","[361, 361]","[316, 316]","[-1, 0]","[314, 314]"
316,"[2009, 1849]","[2132, 1931]",316,"[2070.5, 1931]","[2070.5, 1849]","[2009, 1890.0]","[2132, 1890.0]","[-1, 0]","[317, 317]","[346, 346]","[315, 315]"
317,"[2127, 1853]","[2311, 1928]",317,"[2219.0, 1928]","[2219.0, 1853]","[2127, 1890.5]","[2311, 1890.5]","[363, 363]","[-1, 0]","[-1, 0]","[316, 316]"
318,"[227, 1712]","[341, 1764]",318,"[284.0, 1764]","[284.0, 1712]","[227, 1738.0]","[341, 1738.0]","[331, 331]","[319, 319]","[-1, 0]","[-1, 0]"
319,"[350, 1709]","[476, 1767]",319,"[413.0, 1767]","[413.0, 1709]","[350, 1738.0]","[476, 1738.0]","[-1, 0]","[320, 320]","[-1, 0]","[318, 318]"
320,"[483, 1706]","[662, 1767]",320,"[572.5, 1767]","[572.5, 1706]","[483, 1736.5]","[662, 1736.5]","[334, 334]","[321, 321]","[-1, 0]","[319, 319]"
321,"[667, 1709]","[764, 1774]",321,"[715.5, 1774]","[715.5, 1709]","[667, 1741.5]","[764, 1741.5]","[-1, 0]","[322, 322]","[296, 296]","[320, 320]"
322,"[769, 1709]","[846, 1764]",322,"[807.5, 1764]","[807.5, 1709]","[769, 1736.5]","[846, 1736.5]","[336, 336]","[323, 323]","[-1, 0]","[321, 321]"
323,"[848, 1702]","[1025, 1777]",323,"[936.5, 1777]","[936.5, 1702]","[848, 1739.5]","[1025, 1739.5]","[-1, 0]","[324, 324]","[-1, 0]","[322, 322]"
324,"[1025, 1706]","[1204, 1767]",324,"[1114.5, 1767]","[1114.5, 1706]","[1025, 1736.5]","[1204, 1736.5]","[-1, 0]","[-1, 0]","[-1, 0]","[323, 323]"
325,"[1271, 1740]","[1344, 1794]",325,"[1307.5, 1794]","[1307.5, 1740]","[1271, 1767.0]","[1344, 1767.0]","[-1, 0]","[-1, 0]","[301, 301]","[-1, 0]"
326,"[1383, 1729]","[1474, 1801]",326,"[1428.5, 1801]","[1428.5, 1729]","[1383, 1765.0]","[1474, 1765.0]","[341, 341]","[327, 327]","[-1, 0]","[-1, 0]"
327,"[1491, 1726]","[1646, 1801]",327,"[1568.5, 1801]","[1568.5, 1726]","[1491, 1763.5]","[1646, 1763.5]","[-1, 0]","[328, 328]","[-1, 0]","[326, 326]"
328,"[1663, 1726]","[1772, 1805]",328,"[1717.5, 1805]","[1717.5, 1726]","[1663, 1765.5]","[1772, 1765.5]","[-1, 0]","[329, 329]","[304, 304]","[327, 327]"
329,"[1789, 1733]","[1888, 1801]",329,"[1838.5, 1801]","[1838.5, 1733]","[1789, 1767.0]","[1888, 1767.0]","[-1, 0]","[277, 277]","[305, 305]","[328, 328]"
330,"[2209, 1729]","[2313, 1794]",330,"[2261.0, 1794]","[2261.0, 1729]","[2209, 1761.5]","[2313, 1761.5]","[348, 348]","[-1, 0]","[309, 309]","[278, 278]"
331,"[203, 1771]","[326, 1835]",331,"[264.5, 1835]","[264.5, 1771]","[203, 1803.0]","[326, 1803.0]","[-1, 0]","[332, 332]","[318, 318]","[281, 281]"
332,"[326, 1767]","[428, 1835]",332,"[377.0, 1835]","[377.0, 1767]","[326, 1801.0]","[428, 1801.0]","[-1, 0]","[333, 333]","[-1, 0]","[331, 331]"
333,"[425, 1767]","[508, 1835]",333,"[466.5, 1835]","[466.5, 1767]","[425, 1801.0]","[508, 1801.0]","[284, 284]","[334, 334]","[-1, 0]","[332, 332]"
334,"[505, 1767]","[582, 1835]",334,"[543.5, 1835]","[543.5, 1767]","[505, 1801.0]","[582, 1801.0]","[-1, 0]","[335, 335]","[320, 320]","[333, 333]"
335,"[582, 1771]","[718, 1835]",335,"[650.0, 1835]","[650.0, 1771]","[582, 1803.0]","[718, 1803.0]","[-1, 0]","[336, 336]","[-1, 0]","[334, 334]"
336,"[737, 1771]","[827, 1839]",336,"[782.0, 1839]","[782.0, 1771]","[737, 1805.0]","[827, 1805.0]","[-1, 0]","[337, 337]","[322, 322]","[335, 335]"
337,"[831, 1771]","[943, 1835]",337,"[887.0, 1835]","[887.0, 1771]","[831, 1803.0]","[943, 1803.0]","[-1, 0]","[338, 338]","[-1, 0]","[336, 336]"
338,"[952, 1771]","[1010, 1832]",338,"[981.0, 1832]","[981.0, 1771]","[952, 1801.5]","[1010, 1801.5]","[-1, 0]","[339, 339]","[-1, 0]","[337, 337]"
339,"[1015, 1774]","[1109, 1829]",339,"[1062.0, 1829]","[1062.0, 1774]","[1015, 1801.5]","[1109, 1801.5]","[-1, 0]","[340, 340]","[-1, 0]","[338, 338]"
340,"[1112, 1771]","[1206, 1839]",340,"[1159.0, 1839]","[1159.0, 1771]","[1112, 1805.0]","[1206, 1805.0]","[-1, 0]","[-1, 0]","[-1, 0]","[339, 339]"
341,"[1269, 1791]","[1573, 1863]",341,"[1421.0, 1863]","[1421.0, 1791]","[1269, 1827.0]","[1573, 1827.0]","[311, 311]","[342, 342]","[326, 326]","[-1, 0]"
342,"[1576, 1794]","[1685, 1859]",342,"[1630.5, 1859]","[1630.5, 1794]","[1576, 1826.5]","[1685, 1826.5]","[-1, 0]","[343, 343]","[-1, 0]","[341, 341]"
343,"[1711, 1794]","[1839, 1859]",343,"[1775.0, 1859]","[1775.0, 1794]","[1711, 1826.5]","[1839, 1826.5]","[-1, 0]","[344, 344]","[-1, 0]","[342, 342]"
344,"[1849, 1794]","[1931, 1866]",344,"[1890.0, 1866]","[1890.0, 1794]","[1849, 1830.0]","[1931, 1830.0]","[-1, 0]","[345, 345]","[-1, 0]","[343, 343]"
345,"[1931, 1788]","[2025, 1870]",345,"[1978.0, 1870]","[1978.0, 1788]","[1931, 1829.0]","[2025, 1829.0]","[-1, 0]","[346, 346]","[277, 277]","[344, 344]"
346,"[2028, 1794]","[2103, 1866]",346,"[2065.5, 1866]","[2065.5, 1794]","[2028, 1830.0]","[2103, 1830.0]","[316, 316]","[347, 347]","[-1, 0]","[345, 345]"
347,"[2110, 1794]","[2216, 1863]",347,"[2163.0, 1863]","[2163.0, 1794]","[2110, 1828.5]","[2216, 1828.5]","[-1, 0]","[348, 348]","[-1, 0]","[346, 346]"
348,"[2221, 1798]","[2311, 1866]",348,"[2266.0, 1866]","[2266.0, 1798]","[2221, 1832.0]","[2311, 1832.0]","[-1, 0]","[-1, 0]","[330, 330]","[347, 347]"
349,"[227, 1904]","[302, 1962]",349,"[264.5, 1962]","[264.5, 1904]","[227, 1933.0]","[302, 1933.0]","[-1, 0]","[350, 350]","[-1, 0]","[-1, 0]"
350,"[292, 1900]","[452, 1965]",350,"[372.0, 1965]","[372.0, 1900]","[292, 1932.5]","[452, 1932.5]","[-1, 0]","[351, 351]","[-1, 0]","[349, 349]"
351,"[457, 1897]","[541, 1965]",351,"[499.0, 1965]","[499.0, 1897]","[457, 1931.0]","[541, 1931.0]","[-1, 0]","[352, 352]","[-1, 0]","[350, 350]"
352,"[539, 1897]","[718, 1972]",352,"[628.5, 1972]","[628.5, 1897]","[539, 1934.5]","[718, 1934.5]","[-1, 0]","[353, 353]","[-1, 0]","[351, 351]"
353,"[718, 1900]","[856, 1965]",353,"[787.0, 1965]","[787.0, 1900]","[718, 1932.5]","[856, 1932.5]","[-1, 0]","[354, 354]","[-1, 0]","[352, 352]"
354,"[856, 1897]","[955, 1962]",354,"[905.5, 1962]","[905.5, 1897]","[856, 1929.5]","[955, 1929.5]","[-1, 0]","[355, 355]","[-1, 0]","[353, 353]"
355,"[957, 1897]","[1095, 1972]",355,"[1026.0, 1972]","[1026.0, 1897]","[957, 1934.5]","[1095, 1934.5]","[-1, 0]","[356, 356]","[-1, 0]","[354, 354]"
356,"[1097, 1897]","[1208, 1965]",356,"[1152.5, 1965]","[1152.5, 1897]","[1097, 1931.0]","[1208, 1931.0]","[372, 372]","[-1, 0]","[-1, 0]","[355, 355]"
357,"[1274, 1928]","[1399, 1993]",357,"[1336.5, 1993]","[1336.5, 1928]","[1274, 1960.5]","[1399, 1960.5]","[-1, 0]","[358, 358]","[-1, 0]","[-1, 0]"
358,"[1399, 1921]","[1499, 1989]",358,"[1449.0, 1989]","[1449.0, 1921]","[1399, 1955.0]","[1499, 1955.0]","[-1, 0]","[359, 359]","[-1, 0]","[357, 357]"
359,"[1501, 1924]","[1670, 1986]",359,"[1585.5, 1986]","[1585.5, 1924]","[1501, 1955.0]","[1670, 1955.0]","[374, 374]","[360, 360]","[312, 312]","[358, 358]"
360,"[1675, 1928]","[1839, 1979]",360,"[1757.0, 1979]","[1757.0, 1928]","[1675, 1953.5]","[1839, 1953.5]","[-1, 0]","[361, 361]","[313, 313]","[359, 359]"
361,"[1844, 1924]","[2052, 1989]",361,"[1948.0, 1989]","[1948.0, 1924]","[1844, 1956.5]","[2052, 1956.5]","[377, 377]","[362, 362]","[315, 315]","[360, 360]"
362,"[2052, 1921]","[2158, 1986]",362,"[2105.0, 1986]","[2105.0, 1921]","[2052, 1953.5]","[2158, 1953.5]","[-1, 0]","[363, 363]","[-1, 0]","[361, 361]"
363,"[2163, 1931]","[2311, 1982]",363,"[2237.0, 1982]","[2237.0, 1931]","[2163, 1956.5]","[2311, 1956.5]","[379, 379]","[-1, 0]","[317, 317]","[362, 362]"
364,"[169, 1976]","[239, 2023]",364,"[204.0, 2023]","[204.0, 1976]","[169, 1999.5]","[239, 1999.5]","[380, 380]","[365, 365]","[-1, 0]","[-1, 0]"
365,"[247, 1965]","[365, 2030]",365,"[306.0, 2030]","[306.0, 1965]","[247, 1997.5]","[365, 1997.5]","[381, 381]","[366, 366]","[-1, 0]","[364, 364]"
366,"[375, 1969]","[532, 2030]",366,"[453.5, 2030]","[453.5, 1969]","[375, 1999.5]","[532, 1999.5]","[382, 382]","[367, 367]","[-1, 0]","[365, 365]"
367,"[539, 1962]","[653, 2030]",367,"[596.0, 2030]","[596.0, 1962]","[539, 1996.0]","[653, 1996.0]","[384, 384]","[368, 368]","[-1, 0]","[366, 366]"
368,"[662, 1965]","[749, 2020]",368,"[705.5, 2020]","[705.5, 1965]","[662, 1992.5]","[749, 1992.5]","[385, 385]","[369, 369]","[-1, 0]","[367, 367]"
369,"[764, 1962]","[894, 2023]",369,"[829.0, 2023]","[829.0, 1962]","[764, 1992.5]","[894, 1992.5]","[386, 386]","[370, 370]","[-1, 0]","[368, 368]"
370,"[923, 1962]","[1044, 2027]",370,"[983.5, 2027]","[983.5, 1962]","[923, 1994.5]","[1044, 1994.5]","[-1, 0]","[371, 371]","[-1, 0]","[369, 369]"
371,"[1051, 1958]","[1129, 2034]",371,"[1090.0, 2034]","[1090.0, 1958]","[1051, 1996.0]","[1129, 1996.0]","[389, 389]","[372, 372]","[-1, 0]","[370, 370]"
372,"[1134, 1958]","[1208, 2034]",372,"[1171.0, 2034]","[1171.0, 1958]","[1134, 1996.0]","[1208, 1996.0]","[-1, 0]","[-1, 0]","[356, 356]","[371, 371]"
373,"[1271, 1982]","[1482, 2058]",373,"[1376.5, 2058]","[1376.5, 1982]","[1271, 2020.0]","[1482, 2020.0]","[-1, 0]","[374, 374]","[-1, 0]","[-1, 0]"
374,"[1484, 1989]","[1658, 2051]",374,"[1571.0, 2051]","[1571.0, 1989]","[1484, 2020.0]","[1658, 2020.0]","[-1, 0]","[375, 375]","[359, 359]","[373, 373]"
375,"[1668, 1993]","[1774, 2047]",375,"[1721.0, 2047]","[1721.0, 1993]","[1668, 2020.0]","[1774, 2020.0]","[-1, 0]","[376, 376]","[-1, 0]","[374, 374]"
376,"[1779, 1989]","[1900, 2054]",376,"[1839.5, 2054]","[1839.5, 1989]","[1779, 2021.5]","[1900, 2021.5]","[-1, 0]","[377, 377]","[-1, 0]","[375, 375]"
377,"[1902, 1989]","[1960, 2051]",377,"[1931.0, 2051]","[1931.0, 1989]","[1902, 2020.0]","[1960, 2020.0]","[394, 394]","[378, 378]","[361, 361]","[376, 376]"
378,"[1967, 1986]","[2098, 2051]",378,"[2032.5, 2051]","[2032.5, 1986]","[1967, 2018.5]","[2098, 2018.5]","[395, 395]","[379, 379]","[-1, 0]","[377, 377]"
379,"[2122, 1993]","[2308, 2044]",379,"[2215.0, 2044]","[2215.0, 1993]","[2122, 2018.5]","[2308, 2018.5]","[-1, 0]","[-1, 0]","[363, 363]","[378, 378]"
380,"[164, 2027]","[268, 2092]",380,"[216.0, 2092]","[216.0, 2027]","[164, 2059.5]","[268, 2059.5]","[398, 398]","[381, 381]","[364, 364]","[-1, 0]"
381,"[266, 2027]","[396, 2102]",381,"[331.0, 2102]","[331.0, 2027]","[266, 2064.5]","[396, 2064.5]","[399, 399]","[382, 382]","[365, 365]","[380, 380]"
382,"[396, 2027]","[488, 2099]",382,"[442.0, 2099]","[442.0, 2027]","[396, 2063.0]","[488, 2063.0]","[400, 400]","[383, 383]","[366, 366]","[381, 381]"
383,"[491, 2034]","[527, 2085]",383,"[509.0, 2085]","[509.0, 2034]","[491, 2059.5]","[527, 2059.5]","[-1, 0]","[384, 384]","[-1, 0]","[382, 382]"
384,"[534, 2030]","[674, 2095]",384,"[604.0, 2095]","[604.0, 2030]","[534, 2062.5]","[674, 2062.5]","[-1, 0]","[385, 385]","[367, 367]","[383, 383]"
385,"[682, 2030]","[754, 2099]",385,"[718.0, 2099]","[718.0, 2030]","[682, 2064.5]","[754, 2064.5]","[402, 402]","[386, 386]","[368, 368]","[384, 384]"
386,"[754, 2027]","[889, 2102]",386,"[821.5, 2102]","[821.5, 2027]","[754, 2064.5]","[889, 2064.5]","[403, 403]","[387, 387]","[369, 369]","[385, 385]"
387,"[887, 2023]","[996, 2102]",387,"[941.5, 2102]","[941.5, 2023]","[887, 2062.5]","[996, 2062.5]","[-1, 0]","[388, 388]","[-1, 0]","[386, 386]"
388,"[998, 2041]","[1032, 2088]",388,"[1015.0, 2088]","[1015.0, 2041]","[998, 2064.5]","[1032, 2064.5]","[405, 405]","[389, 389]","[-1, 0]","[387, 387]"
389,"[1032, 2027]","[1211, 2102]",389,"[1121.5, 2102]","[1121.5, 2027]","[1032, 2064.5]","[1211, 2064.5]","[406, 406]","[-1, 0]","[371, 371]","[388, 388]"
390,"[1271, 2051]","[1380, 2116]",390,"[1325.5, 2116]","[1325.5, 2051]","[1271, 2083.5]","[1380, 2083.5]","[407, 407]","[391, 391]","[-1, 0]","[-1, 0]"
391,"[1385, 2054]","[1528, 2105]",391,"[1456.5, 2105]","[1456.5, 2054]","[1385, 2079.5]","[1528, 2079.5]","[-1, 0]","[392, 392]","[-1, 0]","[390, 390]"
392,"[1535, 2058]","[1680, 2109]",392,"[1607.5, 2109]","[1607.5, 2058]","[1535, 2083.5]","[1680, 2083.5]","[-1, 0]","[393, 393]","[-1, 0]","[391, 391]"
393,"[1692, 2054]","[1859, 2116]",393,"[1775.5, 2116]","[1775.5, 2054]","[1692, 2085.0]","[1859, 2085.0]","[-1, 0]","[394, 394]","[-1, 0]","[392, 392]"
394,"[1866, 2054]","[1999, 2119]",394,"[1932.5, 2119]","[1932.5, 2054]","[1866, 2086.5]","[1999, 2086.5]","[-1, 0]","[395, 395]","[377, 377]","[393, 393]"
395,"[2009, 2058]","[2110, 2112]",395,"[2059.5, 2112]","[2059.5, 2058]","[2009, 2085.0]","[2110, 2085.0]","[-1, 0]","[396, 396]","[378, 378]","[394, 394]"
396,"[2115, 2061]","[2175, 2105]",396,"[2145.0, 2105]","[2145.0, 2061]","[2115, 2083.0]","[2175, 2083.0]","[-1, 0]","[397, 397]","[-1, 0]","[395, 395]"
397,"[2185, 2054]","[2311, 2105]",397,"[2248.0, 2105]","[2248.0, 2054]","[2185, 2079.5]","[2311, 2079.5]","[-1, 0]","[-1, 0]","[-1, 0]","[396, 396]"
398,"[167, 2092]","[290, 2157]",398,"[228.5, 2157]","[228.5, 2092]","[167, 2124.5]","[290, 2124.5]","[409, 409]","[399, 399]","[380, 380]","[-1, 0]"
399,"[300, 2095]","[387, 2164]",399,"[343.5, 2164]","[343.5, 2095]","[300, 2129.5]","[387, 2129.5]","[-1, 0]","[400, 400]","[381, 381]","[398, 398]"
400,"[404, 2099]","[471, 2157]",400,"[437.5, 2157]","[437.5, 2099]","[404, 2128.0]","[471, 2128.0]","[-1, 0]","[401, 401]","[382, 382]","[399, 399]"
401,"[483, 2095]","[638, 2160]",401,"[560.5, 2160]","[560.5, 2095]","[483, 2127.5]","[638, 2127.5]","[413, 413]","[402, 402]","[-1, 0]","[400, 400]"
402,"[650, 2095]","[752, 2160]",402,"[701.0, 2160]","[701.0, 2095]","[650, 2127.5]","[752, 2127.5]","[-1, 0]","[403, 403]","[385, 385]","[401, 401]"
403,"[761, 2095]","[870, 2160]",403,"[815.5, 2160]","[815.5, 2095]","[761, 2127.5]","[870, 2127.5]","[-1, 0]","[404, 404]","[386, 386]","[402, 402]"
404,"[880, 2105]","[916, 2157]",404,"[898.0, 2157]","[898.0, 2105]","[880, 2131.0]","[916, 2131.0]","[-1, 0]","[405, 405]","[-1, 0]","[403, 403]"
405,"[923, 2088]","[1054, 2164]",405,"[988.5, 2164]","[988.5, 2088]","[923, 2126.0]","[1054, 2126.0]","[-1, 0]","[406, 406]","[388, 388]","[404, 404]"
406,"[1061, 2095]","[1201, 2160]",406,"[1131.0, 2160]","[1131.0, 2095]","[1061, 2127.5]","[1201, 2127.5]","[418, 418]","[-1, 0]","[389, 389]","[405, 405]"
407,"[1274, 2123]","[1383, 2177]",407,"[1328.5, 2177]","[1328.5, 2123]","[1274, 2150.0]","[1383, 2150.0]","[419, 419]","[408, 408]","[390, 390]","[-1, 0]"
408,"[1392, 2129]","[1438, 2174]",408,"[1415.0, 2174]","[1415.0, 2129]","[1392, 2151.5]","[1438, 2151.5]","[-1, 0]","[-1, 0]","[-1, 0]","[407, 407]"
409,"[169, 2164]","[234, 2222]",409,"[201.5, 2222]","[201.5, 2164]","[169, 2193.0]","[234, 2193.0]","[-1, 0]","[410, 410]","[398, 398]","[-1, 0]"
410,"[237, 2157]","[317, 2225]",410,"[277.0, 2225]","[277.0, 2157]","[237, 2191.0]","[317, 2191.0]","[420, 420]","[411, 411]","[-1, 0]","[409, 409]"
411,"[317, 2160]","[459, 2225]",411,"[388.0, 2225]","[388.0, 2160]","[317, 2192.5]","[459, 2192.5]","[421, 421]","[412, 412]","[-1, 0]","[410, 410]"
412,"[462, 2174]","[491, 2208]",412,"[476.5, 2208]","[476.5, 2174]","[462, 2191.0]","[491, 2191.0]","[-1, 0]","[413, 413]","[-1, 0]","[411, 411]"
413,"[503, 2160]","[657, 2225]",413,"[580.0, 2225]","[580.0, 2160]","[503, 2192.5]","[657, 2192.5]","[-1, 0]","[414, 414]","[401, 401]","[412, 412]"
414,"[665, 2160]","[827, 2225]",414,"[746.0, 2225]","[746.0, 2160]","[665, 2192.5]","[827, 2192.5]","[-1, 0]","[415, 415]","[-1, 0]","[413, 413]"
415,"[824, 2153]","[899, 2229]",415,"[861.5, 2229]","[861.5, 2153]","[824, 2191.0]","[899, 2191.0]","[-1, 0]","[416, 416]","[-1, 0]","[414, 414]"
416,"[899, 2157]","[1003, 2222]",416,"[951.0, 2222]","[951.0, 2157]","[899, 2189.5]","[1003, 2189.5]","[425, 425]","[417, 417]","[-1, 0]","[415, 415]"
417,"[1008, 2174]","[1037, 2208]",417,"[1022.5, 2208]","[1022.5, 2174]","[1008, 2191.0]","[1037, 2191.0]","[-1, 0]","[418, 418]","[-1, 0]","[416, 416]"
418,"[1047, 2157]","[1208, 2218]",418,"[1127.5, 2218]","[1127.5, 2157]","[1047, 2187.5]","[1208, 2187.5]","[426, 426]","[-1, 0]","[406, 406]","[417, 417]"
419,"[1269, 2191]","[1414, 2256]",419,"[1341.5, 2256]","[1341.5, 2191]","[1269, 2223.5]","[1414, 2223.5]","[444, 444]","[-1, 0]","[407, 407]","[-1, 0]"
420,"[172, 2225]","[324, 2287]",420,"[248.0, 2287]","[248.0, 2225]","[172, 2256.0]","[324, 2256.0]","[-1, 0]","[421, 421]","[410, 410]","[-1, 0]"
421,"[336, 2222]","[413, 2290]",421,"[374.5, 2290]","[374.5, 2222]","[336, 2256.0]","[413, 2256.0]","[-1, 0]","[422, 422]","[411, 411]","[420, 420]"
422,"[423, 2222]","[597, 2287]",422,"[510.0, 2287]","[510.0, 2222]","[423, 2254.5]","[597, 2254.5]","[-1, 0]","[423, 423]","[-1, 0]","[421, 421]"
423,"[609, 2218]","[740, 2283]",423,"[674.5, 2283]","[674.5, 2218]","[609, 2250.5]","[740, 2250.5]","[-1, 0]","[424, 424]","[-1, 0]","[422, 422]"
424,"[752, 2218]","[831, 2287]",424,"[791.5, 2287]","[791.5, 2218]","[752, 2252.5]","[831, 2252.5]","[-1, 0]","[425, 425]","[-1, 0]","[423, 423]"
425,"[848, 2225]","[1066, 2276]",425,"[957.0, 2276]","[957.0, 2225]","[848, 2250.5]","[1066, 2250.5]","[-1, 0]","[426, 426]","[416, 416]","[424, 424]"
426,"[1080, 2222]","[1204, 2287]",426,"[1142.0, 2287]","[1142.0, 2222]","[1080, 2254.5]","[1204, 2254.5]","[433, 433]","[-1, 0]","[418, 418]","[425, 425]"
427,"[169, 2293]","[232, 2355]",427,"[200.5, 2355]","[200.5, 2293]","[169, 2324.0]","[232, 2324.0]","[434, 434]","[428, 428]","[-1, 0]","[-1, 0]"
428,"[244, 2287]","[396, 2352]",428,"[320.0, 2352]","[320.0, 2287]","[244, 2319.5]","[396, 2319.5]","[435, 435]","[429, 429]","[-1, 0]","[427, 427]"
429,"[404, 2287]","[488, 2355]",429,"[446.0, 2355]","[446.0, 2287]","[404, 2321.0]","[488, 2321.0]","[436, 436]","[430, 430]","[-1, 0]","[428, 428]"
430,"[498, 2287]","[691, 2352]",430,"[594.5, 2352]","[594.5, 2287]","[498, 2319.5]","[691, 2319.5]","[437, 437]","[431, 431]","[-1, 0]","[429, 429]"
431,"[706, 2293]","[742, 2345]",431,"[724.0, 2345]","[724.0, 2293]","[706, 2319.0]","[742, 2319.0]","[439, 439]","[432, 432]","[-1, 0]","[430, 430]"
432,"[757, 2290]","[1068, 2352]",432,"[912.5, 2352]","[912.5, 2290]","[757, 2321.0]","[1068, 2321.0]","[-1, 0]","[433, 433]","[-1, 0]","[431, 431]"
433,"[1080, 2287]","[1204, 2352]",433,"[1142.0, 2352]","[1142.0, 2287]","[1080, 2319.5]","[1204, 2319.5]","[-1, 0]","[-1, 0]","[426, 426]","[432, 432]"
434,"[169, 2355]","[237, 2420]",434,"[203.0, 2420]","[203.0, 2355]","[169, 2387.5]","[237, 2387.5]","[-1, 0]","[435, 435]","[427, 427]","[-1, 0]"
435,"[249, 2352]","[406, 2417]",435,"[327.5, 2417]","[327.5, 2352]","[249, 2384.5]","[406, 2384.5]","[-1, 0]","[436, 436]","[428, 428]","[434, 434]"
436,"[416, 2348]","[517, 2417]",436,"[466.5, 2417]","[466.5, 2348]","[416, 2382.5]","[517, 2382.5]","[-1, 0]","[437, 437]","[429, 429]","[435, 435]"
437,"[529, 2352]","[604, 2410]",437,"[566.5, 2410]","[566.5, 2352]","[529, 2381.0]","[604, 2381.0]","[-1, 0]","[438, 438]","[430, 430]","[436, 436]"
438,"[611, 2352]","[703, 2420]",438,"[657.0, 2420]","[657.0, 2352]","[611, 2386.0]","[703, 2386.0]","[-1, 0]","[439, 439]","[-1, 0]","[437, 437]"
439,"[711, 2348]","[793, 2420]",439,"[752.0, 2420]","[752.0, 2348]","[711, 2384.0]","[793, 2384.0]","[-1, 0]","[440, 440]","[431, 431]","[438, 438]"
440,"[802, 2358]","[880, 2413]",440,"[841.0, 2413]","[841.0, 2358]","[802, 2385.5]","[880, 2385.5]","[-1, 0]","[441, 441]","[-1, 0]","[439, 439]"
441,"[892, 2352]","[1020, 2417]",441,"[956.0, 2417]","[956.0, 2352]","[892, 2384.5]","[1020, 2384.5]","[-1, 0]","[455, 455]","[-1, 0]","[440, 440]"
442,"[227, 2478]","[450, 2553]",442,"[338.5, 2553]","[338.5, 2478]","[227, 2515.5]","[450, 2515.5]","[-1, 0]","[443, 443]","[-1, 0]","[-1, 0]"
443,"[462, 2481]","[749, 2543]",443,"[605.5, 2543]","[605.5, 2481]","[462, 2512.0]","[749, 2512.0]","[-1, 0]","[-1, 0]","[-1, 0]","[442, 442]"
444,"[1291, 2249]","[1351, 2311]",444,"[1321.0, 2311]","[1321.0, 2249]","[1291, 2280.0]","[1351, 2280.0]","[454, 454]","[445, 445]","[419, 419]","[-1, 0]"
445,"[1356, 2249]","[1470, 2290]",445,"[1413.0, 2290]","[1413.0, 2249]","[1356, 2269.5]","[1470, 2269.5]","[447, 447]","[-1, 0]","[-1, 0]","[444, 444]"
446,"[1532, 2249]","[1588, 2307]",446,"[1560.0, 2307]","[1560.0, 2249]","[1532, 2278.0]","[1588, 2278.0]","[-1, 0]","[-1, 0]","[-1, 0]","[-1, 0]"
447,"[1354, 2290]","[1426, 2348]",447,"[1390.0, 2348]","[1390.0, 2290]","[1354, 2319.0]","[1426, 2319.0]","[451, 451]","[448, 448]","[445, 445]","[454, 454]"
448,"[1443, 2297]","[1518, 2352]",448,"[1480.5, 2352]","[1480.5, 2297]","[1443, 2324.5]","[1518, 2324.5]","[458, 458]","[449, 449]","[-1, 0]","[447, 447]"
449,"[1530, 2280]","[1646, 2358]",449,"[1588.0, 2358]","[1588.0, 2280]","[1530, 2319.0]","[1646, 2319.0]","[459, 459]","[-1, 0]","[-1, 0]","[448, 448]"
450,"[1175, 2369]","[1201, 2403]",450,"[1188.0, 2403]","[1188.0, 2369]","[1175, 2386.0]","[1201, 2386.0]","[-1, 0]","[-1, 0]","[-1, 0]","[455, 455]"
451,"[1346, 2338]","[1428, 2410]",451,"[1387.0, 2410]","[1387.0, 2338]","[1346, 2374.0]","[1428, 2374.0]","[457, 457]","[452, 452]","[447, 447]","[454, 454]"
452,"[1436, 2338]","[1523, 2406]",452,"[1479.5, 2406]","[1479.5, 2338]","[1436, 2372.0]","[1523, 2372.0]","[458, 458]","[453, 453]","[448, 448]","[451, 451]"
453,"[1535, 2341]","[1648, 2410]",453,"[1591.5, 2410]","[1591.5, 2341]","[1535, 2375.5]","[1648, 2375.5]","[459, 459]","[478, 478]","[449, 449]","[452, 452]"
454,"[1286, 2280]","[1351, 2417]",454,"[1318.5, 2417]","[1318.5, 2280]","[1286, 2348.5]","[1351, 2348.5]","[462, 462]","[451, 451]","[444, 444]","[-1, 0]"
455,"[1030, 2345]","[1160, 2420]",455,"[1095.0, 2420]","[1095.0, 2345]","[1030, 2382.5]","[1160, 2382.5]","[-1, 0]","[450, 450]","[-1, 0]","[441, 441]"
456,"[1291, 2396]","[1351, 2451]",456,"[1321.0, 2451]","[1321.0, 2396]","[1291, 2423.5]","[1351, 2423.5]","[462, 462]","[457, 457]","[454, 454]","[-1, 0]"
457,"[1346, 2382]","[1428, 2454]",457,"[1387.0, 2454]","[1387.0, 2382]","[1346, 2418.0]","[1428, 2418.0]","[463, 463]","[458, 458]","[451, 451]","[456, 456]"
458,"[1433, 2379]","[1528, 2464]",458,"[1480.5, 2464]","[1480.5, 2379]","[1433, 2421.5]","[1528, 2421.5]","[467, 467]","[459, 459]","[452, 452]","[457, 457]"
459,"[1528, 2386]","[1615, 2471]",459,"[1571.5, 2471]","[1571.5, 2386]","[1528, 2428.5]","[1615, 2428.5]","[468, 468]","[460, 460]","[453, 453]","[458, 458]"
460,"[1619, 2393]","[1685, 2464]",460,"[1652.0, 2464]","[1652.0, 2393]","[1619, 2428.5]","[1685, 2428.5]","[-1, 0]","[461, 461]","[-1, 0]","[459, 459]"
461,"[1692, 2389]","[1762, 2461]",461,"[1727.0, 2461]","[1727.0, 2389]","[1692, 2425.0]","[1762, 2425.0]","[-1, 0]","[-1, 0]","[-1, 0]","[460, 460]"
462,"[1291, 2444]","[1349, 2505]",462,"[1320.0, 2505]","[1320.0, 2444]","[1291, 2474.5]","[1349, 2474.5]","[489, 489]","[463, 463]","[456, 456]","[-1, 0]"
463,"[1349, 2437]","[1470, 2505]",463,"[1409.5, 2505]","[1409.5, 2437]","[1349, 2471.0]","[1470, 2471.0]","[466, 466]","[464, 464]","[457, 457]","[462, 462]"
464,"[1474, 2427]","[1573, 2512]",464,"[1523.5, 2512]","[1523.5, 2427]","[1474, 2469.5]","[1573, 2469.5]","[491, 491]","[469, 469]","[-1, 0]","[463, 463]"
465,"[1291, 2492]","[1349, 2553]",465,"[1320.0, 2553]","[1320.0, 2492]","[1291, 2522.5]","[1349, 2522.5]","[489, 489]","[466, 466]","[462, 462]","[-1, 0]"
466,"[1346, 2488]","[1428, 2560]",466,"[1387.0, 2560]","[1387.0, 2488]","[1346, 2524.0]","[1428, 2524.0]","[490, 490]","[467, 467]","[463, 463]","[465, 465]"
467,"[1436, 2485]","[1525, 2557]",467,"[1480.5, 2557]","[1480.5, 2485]","[1436, 2521.0]","[1525, 2521.0]","[-1, 0]","[468, 468]","[458, 458]","[466, 466]"
468,"[1532, 2488]","[1569, 2550]",468,"[1550.5, 2550]","[1550.5, 2488]","[1532, 2519.0]","[1569, 2519.0]","[-1, 0]","[469, 469]","[459, 459]","[467, 467]"
469,"[1566, 2413]","[1694, 2563]",469,"[1630.0, 2563]","[1630.0, 2413]","[1566, 2488.0]","[1694, 2488.0]","[472, 472]","[480, 480]","[-1, 0]","[468, 468]"
470,"[1351, 2587]","[1470, 2652]",470,"[1410.5, 2652]","[1410.5, 2587]","[1351, 2619.5]","[1470, 2619.5]","[474, 474]","[471, 471]","[490, 490]","[473, 473]"
471,"[1484, 2584]","[1573, 2656]",471,"[1528.5, 2656]","[1528.5, 2584]","[1484, 2620.0]","[1573, 2620.0]","[475, 475]","[472, 472]","[-1, 0]","[470, 470]"
472,"[1588, 2587]","[1680, 2656]",472,"[1634.0, 2656]","[1634.0, 2587]","[1588, 2621.5]","[1680, 2621.5]","[476, 476]","[-1, 0]","[469, 469]","[471, 471]"
473,"[1283, 2581]","[1356, 2717]",473,"[1319.5, 2717]","[1319.5, 2581]","[1283, 2649.0]","[1356, 2649.0]","[516, 516]","[474, 474]","[489, 489]","[-1, 0]"
474,"[1351, 2642]","[1474, 2707]",474,"[1412.5, 2707]","[1412.5, 2642]","[1351, 2674.5]","[1474, 2674.5]","[506, 506]","[475, 475]","[470, 470]","[473, 473]"
475,"[1484, 2639]","[1573, 2710]",475,"[1528.5, 2710]","[1528.5, 2639]","[1484, 2674.5]","[1573, 2674.5]","[-1, 0]","[476, 476]","[491, 491]","[474, 474]"
476,"[1588, 2639]","[1675, 2707]",476,"[1631.5, 2707]","[1631.5, 2639]","[1588, 2673.0]","[1675, 2673.0]","[-1, 0]","[-1, 0]","[472, 472]","[475, 475]"
477,"[1789, 2297]","[1839, 2355]",477,"[1814.0, 2355]","[1814.0, 2297]","[1789, 2326.0]","[1839, 2326.0]","[-1, 0]","[-1, 0]","[-1, 0]","[-1, 0]"
478,"[1631, 2273]","[1726, 2440]",478,"[1678.5, 2440]","[1678.5, 2273]","[1631, 2356.5]","[1726, 2356.5]","[-1, 0]","[-1, 0]","[-1, 0]","[453, 453]"
479,"[1682, 2263]","[1810, 2447]",479,"[1746.0, 2447]","[1746.0, 2263]","[1682, 2355.0]","[1810, 2355.0]","[-1, 0]","[-1, 0]","[-1, 0]","[-1, 0]"
480,"[1699, 2451]","[1984, 2502]",480,"[1841.5, 2502]","[1841.5, 2451]","[1699, 2476.5]","[1984, 2476.5]","[-1, 0]","[-1, 0]","[-1, 0]","[469, 469]"
481,"[167, 2417]","[319, 2481]",481,"[243.0, 2481]","[243.0, 2417]","[167, 2449.0]","[319, 2449.0]","[-1, 0]","[482, 482]","[-1, 0]","[-1, 0]"
482,"[334, 2417]","[459, 2475]",482,"[396.5, 2475]","[396.5, 2417]","[334, 2446.0]","[459, 2446.0]","[-1, 0]","[-1, 0]","[-1, 0]","[481, 481]"
483,"[227, 2553]","[346, 2608]",483,"[286.5, 2608]","[286.5, 2553]","[227, 2580.5]","[346, 2580.5]","[-1, 0]","[484, 484]","[-1, 0]","[-1, 0]"
484,"[363, 2543]","[541, 2608]",484,"[452.0, 2608]","[452.0, 2543]","[363, 2575.5]","[541, 2575.5]","[-1, 0]","[485, 485]","[-1, 0]","[483, 483]"
485,"[563, 2553]","[740, 2594]",485,"[651.5, 2594]","[651.5, 2553]","[563, 2573.5]","[740, 2573.5]","[495, 495]","[486, 486]","[-1, 0]","[484, 484]"
486,"[764, 2546]","[940, 2598]",486,"[852.0, 2598]","[852.0, 2546]","[764, 2572.0]","[940, 2572.0]","[-1, 0]","[487, 487]","[-1, 0]","[485, 485]"
487,"[960, 2557]","[1068, 2608]",487,"[1014.0, 2608]","[1014.0, 2557]","[960, 2582.5]","[1068, 2582.5]","[-1, 0]","[488, 488]","[-1, 0]","[486, 486]"
488,"[1088, 2550]","[1204, 2604]",488,"[1146.0, 2604]","[1146.0, 2550]","[1088, 2577.0]","[1204, 2577.0]","[498, 498]","[-1, 0]","[-1, 0]","[487, 487]"
489,"[1288, 2533]","[1351, 2608]",489,"[1319.5, 2608]","[1319.5, 2533]","[1288, 2570.5]","[1351, 2570.5]","[473, 473]","[490, 490]","[465, 465]","[-1, 0]"
490,"[1349, 2533]","[1428, 2604]",490,"[1388.5, 2604]","[1388.5, 2533]","[1349, 2568.5]","[1428, 2568.5]","[470, 470]","[491, 491]","[466, 466]","[489, 489]"
491,"[1436, 2526]","[1578, 2615]",491,"[1507.0, 2615]","[1507.0, 2526]","[1436, 2570.5]","[1578, 2570.5]","[475, 475]","[-1, 0]","[464, 464]","[490, 490]"
492,"[167, 2618]","[244, 2673]",492,"[205.5, 2673]","[205.5, 2618]","[167, 2645.5]","[244, 2645.5]","[-1, 0]","[493, 493]","[-1, 0]","[-1, 0]"
493,"[254, 2611]","[413, 2676]",493,"[333.5, 2676]","[333.5, 2611]","[254, 2643.5]","[413, 2643.5]","[-1, 0]","[494, 494]","[-1, 0]","[492, 492]"
494,"[425, 2608]","[582, 2669]",494,"[503.5, 2669]","[503.5, 2608]","[425, 2638.5]","[582, 2638.5]","[-1, 0]","[495, 495]","[-1, 0]","[493, 493]"
495,"[590, 2618]","[689, 2673]",495,"[639.5, 2673]","[639.5, 2618]","[590, 2645.5]","[689, 2645.5]","[-1, 0]","[496, 496]","[485, 485]","[494, 494]"
496,"[701, 2615]","[897, 2666]",496,"[799.0, 2666]","[799.0, 2615]","[701, 2640.5]","[897, 2640.5]","[503, 503]","[497, 497]","[-1, 0]","[495, 495]"
497,"[909, 2615]","[1032, 2666]",497,"[970.5, 2666]","[970.5, 2615]","[909, 2640.5]","[1032, 2640.5]","[-1, 0]","[498, 498]","[-1, 0]","[496, 496]"
498,"[1044, 2611]","[1206, 2673]",498,"[1125.0, 2673]","[1125.0, 2611]","[1044, 2642.0]","[1206, 2642.0]","[-1, 0]","[-1, 0]","[488, 488]","[497, 497]"
499,"[164, 2676]","[324, 2738]",499,"[244.0, 2738]","[244.0, 2676]","[164, 2707.0]","[324, 2707.0]","[509, 509]","[500, 500]","[-1, 0]","[-1, 0]"
500,"[331, 2683]","[416, 2734]",500,"[373.5, 2734]","[373.5, 2683]","[331, 2708.5]","[416, 2708.5]","[-1, 0]","[501, 501]","[-1, 0]","[499, 499]"
501,"[425, 2676]","[503, 2731]",501,"[464.0, 2731]","[464.0, 2676]","[425, 2703.5]","[503, 2703.5]","[511, 511]","[502, 502]","[-1, 0]","[500, 500]"
502,"[515, 2683]","[655, 2734]",502,"[585.0, 2734]","[585.0, 2683]","[515, 2708.5]","[655, 2708.5]","[512, 512]","[503, 503]","[-1, 0]","[501, 501]"
503,"[670, 2680]","[870, 2731]",503,"[770.0, 2731]","[770.0, 2680]","[670, 2705.5]","[870, 2705.5]","[513, 513]","[504, 504]","[496, 496]","[502, 502]"
504,"[885, 2676]","[1204, 2738]",504,"[1044.5, 2738]","[1044.5, 2676]","[885, 2707.0]","[1204, 2707.0]","[-1, 0]","[-1, 0]","[-1, 0]","[503, 503]"
505,"[1271, 2680]","[1344, 2751]",505,"[1307.5, 2751]","[1307.5, 2680]","[1271, 2715.5]","[1344, 2715.5]","[516, 516]","[506, 506]","[-1, 0]","[-1, 0]"
506,"[1351, 2690]","[1438, 2755]",506,"[1394.5, 2755]","[1394.5, 2690]","[1351, 2722.5]","[1438, 2722.5]","[-1, 0]","[507, 507]","[474, 474]","[505, 505]"
507,"[1453, 2697]","[1525, 2751]",507,"[1489.0, 2751]","[1489.0, 2697]","[1453, 2724.0]","[1525, 2724.0]","[-1, 0]","[508, 508]","[-1, 0]","[506, 506]"
508,"[1535, 2676]","[1615, 2769]",508,"[1575.0, 2769]","[1575.0, 2676]","[1535, 2722.5]","[1615, 2722.5]","[-1, 0]","[-1, 0]","[-1, 0]","[507, 507]"
509,"[167, 2738]","[261, 2803]",509,"[214.0, 2803]","[214.0, 2738]","[167, 2770.5]","[261, 2770.5]","[517, 517]","[510, 510]","[499, 499]","[-1, 0]"
510,"[263, 2734]","[401, 2813]",510,"[332.0, 2813]","[332.0, 2734]","[263, 2773.5]","[401, 2773.5]","[-1, 0]","[511, 511]","[-1, 0]","[509, 509]"
511,"[401, 2734]","[532, 2813]",511,"[466.5, 2813]","[466.5, 2734]","[401, 2773.5]","[532, 2773.5]","[-1, 0]","[512, 512]","[501, 501]","[510, 510]"
512,"[537, 2738]","[653, 2803]",512,"[595.0, 2803]","[595.0, 2738]","[537, 2770.5]","[653, 2770.5]","[-1, 0]","[513, 513]","[502, 502]","[511, 511]"
513,"[665, 2738]","[839, 2803]",513,"[752.0, 2803]","[752.0, 2738]","[665, 2770.5]","[839, 2770.5]","[-1, 0]","[514, 514]","[503, 503]","[512, 512]"
514,"[858, 2741]","[967, 2796]",514,"[912.5, 2796]","[912.5, 2741]","[858, 2768.5]","[967, 2768.5]","[-1, 0]","[515, 515]","[-1, 0]","[513, 513]"
515,"[998, 2745]","[1201, 2796]",515,"[1099.5, 2796]","[1099.5, 2745]","[998, 2770.5]","[1201, 2770.5]","[523, 523]","[-1, 0]","[-1, 0]","[514, 514]"
516,"[1269, 2734]","[1385, 2813]",516,"[1327.0, 2813]","[1327.0, 2734]","[1269, 2773.5]","[1385, 2773.5]","[559, 559]","[-1, 0]","[505, 505]","[-1, 0]"
517,"[167, 2806]","[249, 2868]",517,"[208.0, 2868]","[208.0, 2806]","[167, 2837.0]","[249, 2837.0]","[550, 550]","[518, 518]","[509, 509]","[-1, 0]"
518,"[254, 2803]","[343, 2868]",518,"[298.5, 2868]","[298.5, 2803]","[254, 2835.5]","[343, 2835.5]","[-1, 0]","[519, 519]","[-1, 0]","[517, 517]"
519,"[348, 2796]","[479, 2871]",519,"[413.5, 2871]","[413.5, 2796]","[348, 2833.5]","[479, 2833.5]","[-1, 0]","[520, 520]","[-1, 0]","[518, 518]"
520,"[481, 2796]","[573, 2878]",520,"[527.0, 2878]","[527.0, 2796]","[481, 2837.0]","[573, 2837.0]","[-1, 0]","[521, 521]","[-1, 0]","[519, 519]"
521,"[575, 2803]","[715, 2868]",521,"[645.0, 2868]","[645.0, 2803]","[575, 2835.5]","[715, 2835.5]","[-1, 0]","[522, 522]","[-1, 0]","[520, 520]"
522,"[725, 2806]","[1037, 2857]",522,"[881.0, 2857]","[881.0, 2806]","[725, 2831.5]","[1037, 2831.5]","[556, 556]","[523, 523]","[-1, 0]","[521, 521]"
523,"[1044, 2806]","[1206, 2868]",523,"[1125.0, 2868]","[1125.0, 2806]","[1044, 2837.0]","[1206, 2837.0]","[-1, 0]","[-1, 0]","[515, 515]","[522, 522]"
524,"[169, 2936]","[411, 2987]",524,"[290.0, 2987]","[290.0, 2936]","[169, 2961.5]","[411, 2961.5]","[-1, 0]","[525, 525]","[-1, 0]","[-1, 0]"
525,"[421, 2929]","[551, 3004]",525,"[486.0, 3004]","[486.0, 2929]","[421, 2966.5]","[551, 2966.5]","[-1, 0]","[526, 526]","[552, 552]","[524, 524]"
526,"[556, 2929]","[628, 2998]",526,"[592.0, 2998]","[592.0, 2929]","[556, 2963.5]","[628, 2963.5]","[-1, 0]","[527, 527]","[553, 553]","[525, 525]"
527,"[638, 2936]","[786, 2987]",527,"[712.0, 2987]","[712.0, 2936]","[638, 2961.5]","[786, 2961.5]","[-1, 0]","[528, 528]","[554, 554]","[526, 526]"
528,"[790, 2929]","[885, 2994]",528,"[837.5, 2994]","[837.5, 2929]","[790, 2961.5]","[885, 2961.5]","[-1, 0]","[529, 529]","[-1, 0]","[527, 527]"
529,"[897, 2946]","[1020, 2984]",529,"[958.5, 2984]","[958.5, 2946]","[897, 2965.0]","[1020, 2965.0]","[-1, 0]","[530, 530]","[-1, 0]","[528, 528]"
530,"[1030, 2936]","[1114, 2991]",530,"[1072.0, 2991]","[1072.0, 2936]","[1030, 2963.5]","[1114, 2963.5]","[-1, 0]","[531, 531]","[557, 557]","[529, 529]"
531,"[1124, 2936]","[1208, 2991]",531,"[1166.0, 2991]","[1166.0, 2936]","[1124, 2963.5]","[1208, 2963.5]","[-1, 0]","[-1, 0]","[558, 558]","[530, 530]"
532,"[1351, 2792]","[1445, 2861]",532,"[1398.0, 2861]","[1398.0, 2792]","[1351, 2826.5]","[1445, 2826.5]","[-1, 0]","[533, 533]","[-1, 0]","[559, 559]"
533,"[1453, 2792]","[1581, 2857]",533,"[1517.0, 2857]","[1517.0, 2792]","[1453, 2824.5]","[1581, 2824.5]","[-1, 0]","[534, 534]","[-1, 0]","[532, 532]"
534,"[1590, 2796]","[1634, 2861]",534,"[1612.0, 2861]","[1612.0, 2796]","[1590, 2828.5]","[1634, 2828.5]","[561, 561]","[535, 535]","[-1, 0]","[533, 533]"
535,"[1636, 2792]","[1747, 2857]",535,"[1691.5, 2857]","[1691.5, 2792]","[1636, 2824.5]","[1747, 2824.5]","[562, 562]","[536, 536]","[-1, 0]","[534, 534]"
536,"[1764, 2806]","[1818, 2847]",536,"[1791.0, 2847]","[1791.0, 2806]","[1764, 2826.5]","[1818, 2826.5]","[563, 563]","[-1, 0]","[-1, 0]","[535, 535]"
537,"[1358, 2909]","[1499, 2950]",537,"[1428.5, 2950]","[1428.5, 2909]","[1358, 2929.5]","[1499, 2929.5]","[540, 540]","[538, 538]","[-1, 0]","[-1, 0]"
538,"[1530, 2898]","[1673, 2960]",538,"[1601.5, 2960]","[1601.5, 2898]","[1530, 2929.0]","[1673, 2929.0]","[542, 542]","[539, 539]","[561, 561]","[537, 537]"
539,"[1692, 2909]","[1747, 2939]",539,"[1719.5, 2939]","[1719.5, 2909]","[1692, 2924.0]","[1747, 2924.0]","[-1, 0]","[-1, 0]","[-1, 0]","[538, 538]"
540,"[1356, 2957]","[1438, 2998]",540,"[1397.0, 2998]","[1397.0, 2957]","[1356, 2977.5]","[1438, 2977.5]","[-1, 0]","[541, 541]","[537, 537]","[-1, 0]"
541,"[1460, 2950]","[1513, 2994]",541,"[1486.5, 2994]","[1486.5, 2950]","[1460, 2972.0]","[1513, 2972.0]","[-1, 0]","[542, 542]","[-1, 0]","[540, 540]"
542,"[1523, 2943]","[1631, 3008]",542,"[1577.0, 3008]","[1577.0, 2943]","[1523, 2975.5]","[1631, 2975.5]","[-1, 0]","[-1, 0]","[538, 538]","[541, 541]"
543,"[1912, 2806]","[2103, 2857]",543,"[2007.5, 2857]","[2007.5, 2806]","[1912, 2831.5]","[2103, 2831.5]","[-1, 0]","[544, 544]","[-1, 0]","[-1, 0]"
544,"[2122, 2796]","[2195, 2854]",544,"[2158.5, 2854]","[2158.5, 2796]","[2122, 2825.0]","[2195, 2825.0]","[565, 565]","[545, 545]","[-1, 0]","[543, 543]"
545,"[2204, 2792]","[2299, 2857]",545,"[2251.5, 2857]","[2251.5, 2792]","[2204, 2824.5]","[2299, 2824.5]","[566, 566]","[-1, 0]","[-1, 0]","[544, 544]"
546,"[1878, 2909]","[1938, 2953]",546,"[1908.0, 2953]","[1908.0, 2909]","[1878, 2931.0]","[1938, 2931.0]","[-1, 0]","[547, 547]","[-1, 0]","[-1, 0]"
547,"[1960, 2909]","[2081, 2950]",547,"[2020.5, 2950]","[2020.5, 2909]","[1960, 2929.5]","[2081, 2929.5]","[-1, 0]","[548, 548]","[-1, 0]","[546, 546]"
548,"[2103, 2902]","[2219, 2953]",548,"[2161.0, 2953]","[2161.0, 2902]","[2103, 2927.5]","[2219, 2927.5]","[-1, 0]","[549, 549]","[565, 565]","[547, 547]"
549,"[2238, 2902]","[2308, 2950]",549,"[2273.0, 2950]","[2273.0, 2902]","[2238, 2926.0]","[2308, 2926.0]","[-1, 0]","[-1, 0]","[566, 566]","[548, 548]"
550,"[164, 2868]","[254, 2933]",550,"[209.0, 2933]","[209.0, 2868]","[164, 2900.5]","[254, 2900.5]","[-1, 0]","[551, 551]","[517, 517]","[-1, 0]"
551,"[273, 2868]","[399, 2933]",551,"[336.0, 2933]","[336.0, 2868]","[273, 2900.5]","[399, 2900.5]","[-1, 0]","[552, 552]","[-1, 0]","[550, 550]"
552,"[416, 2868]","[539, 2933]",552,"[477.5, 2933]","[477.5, 2868]","[416, 2900.5]","[539, 2900.5]","[525, 525]","[553, 553]","[-1, 0]","[551, 551]"
553,"[551, 2857]","[628, 2943]",553,"[589.5, 2943]","[589.5, 2857]","[551, 2900.0]","[628, 2900.0]","[526, 526]","[554, 554]","[-1, 0]","[552, 552]"
554,"[643, 2871]","[720, 2929]",554,"[681.5, 2929]","[681.5, 2871]","[643, 2900.0]","[720, 2900.0]","[527, 527]","[555, 555]","[-1, 0]","[553, 553]"
555,"[740, 2868]","[824, 2936]",555,"[782.0, 2936]","[782.0, 2868]","[740, 2902.0]","[824, 2902.0]","[-1, 0]","[556, 556]","[-1, 0]","[554, 554]"
556,"[844, 2875]","[955, 2926]",556,"[899.5, 2926]","[899.5, 2875]","[844, 2900.5]","[955, 2900.5]","[-1, 0]","[557, 557]","[522, 522]","[555, 555]"
557,"[976, 2871]","[1114, 2922]",557,"[1045.0, 2922]","[1045.0, 2871]","[976, 2896.5]","[1114, 2896.5]","[530, 530]","[558, 558]","[-1, 0]","[556, 556]"
558,"[1134, 2868]","[1211, 2939]",558,"[1172.5, 2939]","[1172.5, 2868]","[1134, 2903.5]","[1211, 2903.5]","[531, 531]","[-1, 0]","[-1, 0]","[557, 557]"
559,"[1283, 2789]","[1358, 2916]",559,"[1320.5, 2916]","[1320.5, 2789]","[1283, 2852.5]","[1358, 2852.5]","[-1, 0]","[560, 560]","[516, 516]","[-1, 0]"
560,"[1354, 2851]","[1571, 2912]",560,"[1462.5, 2912]","[1462.5, 2851]","[1354, 2881.5]","[1571, 2881.5]","[-1, 0]","[561, 561]","[-1, 0]","[559, 559]"
561,"[1586, 2854]","[1622, 2902]",561,"[1604.0, 2902]","[1604.0, 2854]","[1586, 2878.0]","[1622, 2878.0]","[538, 538]","[562, 562]","[534, 534]","[560, 560]"
562,"[1634, 2851]","[1709, 2905]",562,"[1671.5, 2905]","[1671.5, 2851]","[1634, 2878.0]","[1709, 2878.0]","[-1, 0]","[563, 563]","[535, 535]","[561, 561]"
563,"[1735, 2854]","[1851, 2895]",563,"[1793.0, 2895]","[1793.0, 2854]","[1735, 2874.5]","[1851, 2874.5]","[-1, 0]","[564, 564]","[536, 536]","[562, 562]"
564,"[1868, 2854]","[2011, 2895]",564,"[1939.5, 2895]","[1939.5, 2854]","[1868, 2874.5]","[2011, 2874.5]","[-1, 0]","[-1, 0]","[-1, 0]","[563, 563]"
565,"[2120, 2861]","[2173, 2892]",565,"[2146.5, 2892]","[2146.5, 2861]","[2120, 2876.5]","[2173, 2876.5]","[548, 548]","[566, 566]","[544, 544]","[-1, 0]"
566,"[2190, 2847]","[2313, 2912]",566,"[2251.5, 2912]","[2251.5, 2847]","[2190, 2879.5]","[2313, 2879.5]","[549, 549]","[-1, 0]","[545, 545]","[565, 565]"
567,"[172, 3172]","[205, 3206]",567,"[188.5, 3206]","[188.5, 3172]","[172, 3189.0]","[205, 3189.0]","[-1, 0]","[-1, 0]","[-1, 0]","[-1, 0]"
568,"[1774, 3168]","[1929, 3220]",568,"[1851.5, 3220]","[1851.5, 3168]","[1774, 3194.0]","[1929, 3194.0]","[-1, 0]","[-1, 0]","[-1, 0]","[-1, 0]"
569,"[1977, 3165]","[2166, 3216]",569,"[2071.5, 3216]","[2071.5, 3165]","[1977, 3190.5]","[2166, 3190.5]","[-1, 0]","[570, 570]","[-1, 0]","[-1, 0]"
570,"[2180, 3175]","[2306, 3216]",570,"[2243.0, 3216]","[2243.0, 3175]","[2180, 3195.5]","[2306, 3195.5]","[-1, 0]","[-1, 0]","[-1, 0]","[569, 569]"
